"Date","mean_moist","month"
2021-07-30,45.7424096000144,"07"
2021-07-31,45.3668881049568,"07"
2021-08-01,44.7630576505465,"08"
2021-08-02,44.5885313888213,"08"
2021-08-03,54.5255464997882,"08"
2021-08-04,50.0089262382973,"08"
2021-08-05,47.5679520449815,"08"
2021-08-06,58.3988018003406,"08"
2021-08-07,59.6446737671091,"08"
2021-08-08,53.0458746699826,"08"
2021-08-09,51.1518789590823,"08"
2021-08-10,50.0003660602456,"08"
2021-08-11,49.0292363870642,"08"
2021-08-12,47.439295947882,"08"
2021-08-13,45.6932730516584,"08"
2021-08-14,47.1151918380955,"08"
2021-08-15,53.7426844267834,"08"
2021-08-16,52.5814005352364,"08"
2021-08-17,49.8533787923841,"08"
2021-08-18,49.0927337604412,"08"
2021-08-19,48.526607511331,"08"
2021-08-20,49.251575748565,"08"
2021-08-21,52.4279931338361,"08"
2021-08-22,50.9923611674281,"08"
2021-08-23,49.8622487137206,"08"
2021-08-24,48.6763543102749,"08"
2021-08-25,48.1645739284009,"08"
2021-08-26,48.0579659214806,"08"
2021-08-27,47.7019300948828,"08"
2021-08-28,49.0965069968192,"08"
2021-08-29,51.2477867434379,"08"
2021-08-30,52.5841600663189,"08"
2021-08-31,53.8728892403067,"08"
2021-09-01,53.9532817019436,"09"
2021-09-02,56.0281393326665,"09"
2021-09-03,61.9974837581885,"09"
2021-09-04,61.6472485785599,"09"
2021-09-05,57.7967171717172,"09"
2021-09-06,53.7392209336902,"09"
2021-09-07,52.1527439876013,"09"
2021-09-08,51.4001804395426,"09"
2021-09-09,50.7646716946449,"09"
2021-09-10,50.2430640030997,"09"
2021-09-11,50.0883049946386,"09"
2021-09-12,49.8475781454149,"09"
2021-09-13,49.5007219834383,"09"
2021-09-14,49.0306161526054,"09"
2021-09-15,48.3750304111589,"09"
2021-09-16,48.1821166617108,"09"
2021-09-17,47.8501844943638,"09"
2021-09-18,47.8912395588355,"09"
2021-09-19,47.8134658358789,"09"
2021-09-20,47.4416049432776,"09"
2021-09-21,47.5286991232576,"09"
2021-09-22,47.2937447625226,"09"
2021-09-23,46.7922422260067,"09"
2021-09-24,46.4251401165986,"09"
2021-09-25,45.3655928148569,"09"
2021-09-26,44.5455897061606,"09"
2021-09-27,43.8656520349174,"09"
2021-09-28,43.8232120491264,"09"
2021-09-29,43.7078749132719,"09"
2021-09-30,43.5831046864722,"09"
2021-10-01,43.3616663963453,"10"
2021-10-02,43.2058655241082,"10"
2021-10-03,43.1298939438993,"10"
2021-10-04,43.0170910712838,"10"
2021-10-05,42.9257449607583,"10"
2021-10-06,42.8300061272853,"10"
2021-10-07,42.7489660205985,"10"
2021-10-08,42.665476126114,"10"
2021-10-09,42.6044285405347,"10"
2021-10-10,42.3625753520936,"10"
2021-10-11,42.0553100136062,"10"
2021-10-12,41.9550376647834,"10"
2021-10-13,41.8342377837248,"10"
2021-10-14,41.7621802322962,"10"
2021-10-15,41.6276671712666,"10"
2021-10-16,41.4292906766145,"10"
2021-10-17,41.2416707214878,"10"
2021-10-18,41.1065663323692,"10"
2021-10-19,40.9793463177718,"10"
2021-10-20,40.8832977410141,"10"
2021-10-21,40.8144220978744,"10"
2021-10-22,40.7334383081484,"10"
2021-10-23,40.6918200740681,"10"
2021-10-24,40.560263653484,"10"
2021-10-25,40.3935936077997,"10"
2021-10-26,40.2214326584309,"10"
2021-10-27,40.0812034258734,"10"
2021-10-28,39.9262754665297,"10"
2021-10-29,39.7651526414907,"10"
2021-10-30,39.6239660205985,"10"
2021-10-31,39.5137255697024,"10"
2021-11-01,39.371750511358,"11"
2021-11-02,39.2809394119608,"11"
2021-11-03,39.2043483451824,"11"
2021-11-04,39.1030059741032,"11"
2021-11-05,38.9628893754674,"11"
2021-11-06,38.8372180772939,"11"
2021-11-07,38.675447607205,"11"
2021-11-08,38.4181917299669,"11"
2021-11-09,38.1031828093603,"11"
2021-11-10,37.7903420917471,"11"
2021-11-11,37.4454570234008,"11"
2021-11-12,37.1043170329522,"11"
2021-11-13,36.7866330567044,"11"
2021-11-14,36.4425645842907,"11"
2021-11-15,36.0934839023599,"11"
2021-11-16,35.7221861793673,"11"
2021-11-17,35.3857768136314,"11"
2021-11-18,35.0159996485822,"11"
2021-11-19,34.5795713603475,"11"
2021-11-20,34.0832781427117,"11"
2021-11-21,33.6501725551681,"11"
2021-11-22,33.2357360401517,"11"
2021-11-23,32.8363361536867,"11"
2021-11-24,32.449889168221,"11"
2021-11-25,32.1257287414736,"11"
2021-11-26,31.8380335468872,"11"
2021-11-27,31.5651215545283,"11"
2021-11-28,31.2932514259454,"11"
2021-11-29,31.0673359374296,"11"
2021-11-30,30.7792746825976,"11"
2021-12-01,30.4604080501717,"12"
2021-12-02,30.1923393164473,"12"
2021-12-03,29.8928738770398,"12"
2021-12-04,29.5611951360167,"12"
2021-12-05,29.1709185972121,"12"
2021-12-06,28.7741092909469,"12"
2021-12-07,28.4631270330423,"12"
2021-12-08,28.2293553284856,"12"
2021-12-09,28.0388632083547,"12"
2021-12-10,27.8940441434866,"12"
2021-12-11,27.7421573000297,"12"
2021-12-12,27.5550441975509,"12"
2021-12-13,27.2957890682021,"12"
2021-12-14,27.007333594644,"12"
2021-12-15,26.7412077960695,"12"
2021-12-16,26.4835577001054,"12"
2021-12-17,26.3150291947125,"12"
2021-12-18,26.2021418466557,"12"
2021-12-19,26.1360538930789,"12"
2021-12-20,26.1304221969922,"12"
2021-12-21,26.1717306877878,"12"
2021-12-22,26.2099699042161,"12"
2021-12-23,26.2289487200281,"12"
2021-12-24,26.2076045918597,"12"
2021-12-25,26.1574824966886,"12"
2021-12-26,26.1592564809559,"12"
2021-12-27,26.2169250488831,"12"
2021-12-28,26.2783950116689,"12"
2021-12-29,26.3471298624064,"12"
2021-12-30,26.4045731624902,"12"
2021-12-31,26.4355756494472,"12"
2022-01-01,26.4660994422368,"01"
2022-01-02,26.4736177565125,"01"
2022-01-03,26.4585811279611,"01"
2022-01-04,26.4185397687851,"01"
2022-01-05,26.3565347948711,"01"
2022-01-06,26.2883067967814,"01"
2022-01-07,26.2273718451239,"01"
2022-01-08,26.1655639805729,"01"
2022-01-09,26.1008276340569,"01"
2022-01-10,26.0509026482488,"01"
2022-01-11,26.0253347480154,"01"
2022-01-12,26.0220683642851,"01"
2022-01-13,26.0265174041936,"01"
2022-01-14,26.0643342434154,"01"
2022-01-15,26.0923237729661,"01"
2022-01-16,26.1195811820254,"01"
2022-01-17,26.1344770181746,"01"
2022-01-18,26.1386444732787,"01"
2022-01-19,26.1441916939241,"01"
2022-01-20,26.1428400868633,"01"
2022-01-21,26.1439101091197,"01"
2022-01-22,26.1730541363681,"01"
2022-01-23,26.1988191459646,"01"
2022-01-24,26.2183611313852,"01"
2022-01-25,26.2527707944746,"01"
2022-01-26,26.2529115868768,"01"
2022-01-27,26.1704166253676,"01"
2022-01-28,26.0122152426735,"01"
2022-01-29,26.1903112810486,"01"
2022-01-30,26.2218809414394,"01"
2022-01-31,26.1994104740536,"01"
2022-02-01,26.1609178313014,"02"
2022-02-02,26.1272684471837,"02"
2022-02-03,26.0887758044315,"02"
2022-02-04,26.0545350922247,"02"
2022-02-05,26.0367389325909,"02"
2022-02-06,26.0304877499347,"02"
2022-02-07,26.0372739437191,"02"
2022-02-08,25.8975672074096,"02"
2022-02-09,25.8975450896989,"02"
2022-02-10,26.0510434406509,"02"
2022-02-11,26.0275311094892,"02"
2022-02-12,26.0250250047306,"02"
2022-02-13,25.9948109552258,"02"
2022-02-14,25.9707354544553,"02"
2022-02-15,25.948096036187,"02"
2022-02-16,25.9294832806207,"02"
2022-02-17,25.9348897088638,"02"
2022-02-18,25.9545161697258,"02"
2022-02-19,25.9602604997342,"02"
2022-02-20,25.9963033546887,"02"
2022-02-21,25.9915164130151,"02"
2022-02-22,25.9988376179277,"02"
2022-02-23,26.001456356608,"02"
2022-02-24,25.9756350300507,"02"
2022-02-25,25.9927553861541,"02"
2022-02-26,26.0041595707296,"02"
2022-02-27,26.0134518692726,"02"
2022-02-28,26.0335288658215,"02"
2022-03-01,26.0464536083403,"03"
2022-03-02,26.040906387695,"03"
2022-03-03,26.0222654736482,"03"
2022-03-04,25.9752689698051,"03"
2022-03-05,25.9498418619739,"03"
2022-03-06,25.9583457230647,"03"
2022-03-07,25.9245273880644,"03"
2022-03-08,25.8609455392462,"03"
2022-03-09,25.8120061002532,"03"
2022-03-10,25.7855934456068,"03"
2022-03-11,25.7754845511313,"03"
2022-03-12,25.7690925760729,"03"
2022-03-13,25.7634327215059,"03"
2022-03-14,25.7291638508186,"03"
2022-03-15,25.7242924337037,"03"
2022-03-16,25.7223494985538,"03"
2022-03-17,25.7231660944863,"03"
2022-03-18,25.7184354697736,"03"
2022-03-19,25.7337255246488,"03"
2022-03-20,25.6941347011597,"03"
2022-03-21,25.708129465935,"03"
2022-03-22,25.7009208949441,"03"
2022-03-23,25.7174499229584,"03"
2022-03-24,25.719308382667,"03"
2022-03-25,25.7685575649447,"03"
2022-03-26,25.7772303769182,"03"
2022-03-27,25.7893666819849,"03"
2022-03-28,25.8076133773056,"03"
2022-03-29,25.8444165112319,"03"
2022-03-30,25.8826557276602,"03"
2022-03-31,25.9086741635805,"03"
2022-04-01,25.9241050108579,"04"
2022-04-02,25.9277092963534,"04"
2022-04-03,25.9436188377981,"04"
2022-04-04,25.9526013930563,"04"
2022-04-05,25.9378463493093,"04"
2022-04-06,25.9448578109372,"04"
2022-04-07,25.9532771965867,"04"
2022-04-08,25.9930932879193,"04"
2022-04-09,26.022969435659,"04"
2022-04-10,26.0240394579155,"04"
2022-04-11,26.0331628055758,"04"
2022-04-12,26.0341765108714,"04"
2022-04-13,26.0374428946017,"04"
2022-04-14,26.0296429955217,"04"
2022-04-15,26.0175630074158,"04"
2022-04-16,26.0034274502383,"04"
2022-04-17,25.9897424287478,"04"
2022-04-18,25.9809006658917,"04"
2022-04-19,25.9776342821615,"04"
2022-04-20,25.9853778642806,"04"
2022-04-21,25.9925864352715,"04"
2022-04-22,25.9999921156255,"04"
2022-04-23,26.0067501509295,"04"
2022-04-24,26.0269397814001,"04"
2022-04-25,26.0469886194685,"04"
2022-04-26,26.0713457050433,"04"
2022-04-27,26.1056708926914,"04"
2022-04-28,26.1432624640698,"04"
2022-04-29,26.1873586444282,"04"
2022-04-30,26.2306100703737,"04"
2022-05-01,26.2705951125889,"05"
2022-05-02,26.3055116283261,"05"
2022-05-03,26.3427652979392,"05"
2022-05-04,26.3707548274899,"05"
2022-05-05,26.3939292568864,"05"
2022-05-06,26.4099232737725,"05"
2022-05-07,26.4166249921156,"05"
2022-05-08,26.4257201812956,"05"
2022-05-09,26.4338579821408,"05"
2022-05-10,26.4439950350967,"05"
2022-05-11,26.4588627127655,"05"
2022-05-12,26.4726322096973,"05"
2022-05-13,26.4855851106966,"05"
2022-05-14,26.5012412258175,"05"
2022-05-15,26.5142786022581,"05"
2022-05-16,26.5268091260509,"05"
2022-05-17,26.5392270159219,"05"
2022-05-18,26.557107650997,"05"
2022-05-19,26.5747630182287,"05"
2022-05-20,26.5916299480082,"05"
2022-05-21,26.6088629380333,"05"
2022-05-22,26.6343463628254,"05"
2022-05-23,26.6911420178592,"05"
2022-05-24,27.1903355589796,"05"
2022-05-25,29.7040994242154,"05"
2022-05-26,30.6783265302445,"05"
2022-05-27,31.9625221888826,"05"
2022-05-28,35.8137012407753,"05"
2022-05-29,36.6748720478649,"05"
2022-05-30,38.0904833346849,"05"
2022-05-31,40.0820763387668,"05"
2022-06-01,42.8950803755666,"06"
2022-06-02,42.557713621496,"06"
2022-06-03,42.5473231422161,"06"
2022-06-04,42.6161987853558,"06"
2022-06-05,42.5565591237982,"06"
2022-06-06,42.4652411717532,"06"
2022-06-07,42.4849521080565,"06"
2022-06-08,41.9695955991674,"06"
2022-06-09,41.8401229061354,"06"
2022-06-10,41.9058447994666,"06"
2022-06-11,42.8068316978888,"06"
2022-06-12,44.0021310337992,"06"
2022-06-13,44.3263759359879,"06"
2022-06-14,43.6710717793456,"06"
2022-06-15,44.8527987276872,"06"
2022-06-16,46.9880844574199,"06"
2022-06-17,49.9065420034421,"06"
2022-06-18,52.2927197938349,"06"
2022-06-19,54.4709753647086,"06"
2022-06-20,55.071821020193,"06"
2022-06-21,55.5949774281621,"06"
2022-06-22,58.8606008794457,"06"
2022-06-23,58.9967189738599,"06"
2022-06-24,61.7624449220123,"06"
2022-06-25,61.9089816541868,"06"
2022-06-26,65.3397651893409,"06"
2022-06-27,65.8704011569756,"06"
2022-06-28,65.1671149496752,"06"
2022-06-29,65.2958836806963,"06"
2022-06-30,65.9300689770137,"06"
2022-07-01,63.4556143504627,"07"
2022-07-02,59.9820686796601,"07"
2022-07-03,54.9959339154254,"07"
2022-07-04,53.0944480487299,"07"
2022-07-05,51.8019737968445,"07"
2022-07-06,51.0388789771038,"07"
2022-07-07,50.2372915146109,"07"
2022-07-08,49.2071979834023,"07"
2022-07-09,48.3837032231323,"07"
2022-07-10,47.6844718370142,"07"
2022-07-11,47.0959595959596,"07"
2022-07-12,49.4889517386172,"07"
2022-07-13,50.2124557348688,"07"
2022-07-14,49.3182550302309,"07"
2022-07-15,48.4413436325791,"07"
2022-07-16,47.8985326052677,"07"
2022-07-17,46.7757131979924,"07"
2022-07-18,44.7238047288226,"07"
2022-07-19,44.8932624640698,"07"
2022-07-20,44.5637519260401,"07"
2022-07-21,44.7112178880689,"07"
2022-07-22,44.9189429982249,"07"
2022-07-23,46.56562277548,"07"
2022-07-24,46.1754870290776,"07"
2022-07-25,45.9973283233765,"07"
2022-07-26,45.020341686265,"07"
2022-07-27,44.6491565971941,"07"
2022-07-28,44.8745933915425,"07"
2022-07-29,44.8129544778742,"07"
2022-07-30,44.4949325998612,"07"
2022-07-31,45.5329386640716,"07"
2022-08-01,46.5598221285108,"08"
2022-08-02,47.9496965642149,"08"
2022-08-03,53.8974152767641,"08"
2022-08-04,51.3336701087593,"08"
2022-08-05,48.1501849448995,"08"
2022-08-06,47.2557026554573,"08"
2022-08-07,46.8881218518819,"08"
2022-08-08,46.7441475414268,"08"
2022-08-09,46.2542744573298,"08"
2022-08-10,48.146383550041,"08"
2022-08-11,48.5452202668973,"08"
2022-08-12,47.4794499409798,"08"
2022-08-13,46.9105923192676,"08"
2022-08-14,46.374595644221,"08"
2022-08-15,44.6155008390937,"08"
2022-08-16,41.6865465538525,"08"
2022-08-17,42.1045591958839,"08"
2022-08-18,42.3108200650574,"08"
2022-08-19,41.5834020400256,"08"
2022-08-20,41.2958757963218,"08"
2022-08-21,41.0285955000496,"08"
2022-08-22,40.7389292118329,"08"
2022-08-23,40.2296549347174,"08"
2022-08-24,40.1801804845962,"08"
2022-08-25,39.9998817343822,"08"
2022-08-26,40.1394351634093,"08"
2022-08-27,39.8640733832527,"08"
2022-08-28,39.7323761702664,"08"
2022-08-29,39.3992050297804,"08"
2022-08-30,39.9597558997648,"08"
2022-08-31,39.8917531695186,"08"
2022-09-01,39.2082905324431,"09"
2022-09-02,39.2671417565485,"09"
2022-09-03,39.5599899530542,"09"
2022-09-04,40.0300394669262,"09"
2022-09-05,39.9056634588526,"09"
2022-09-06,39.8983704124204,"09"
2022-09-07,39.7202680236802,"09"
2022-09-08,39.6084225393993,"09"
2022-09-09,39.3239655700628,"09"
2022-09-10,40.1347608556574,"09"
2022-09-11,39.9029884032114,"09"
2022-09-12,39.7825827408789,"09"
2022-09-13,39.6407203164563,"09"
2022-09-14,39.6127026284252,"09"
2022-09-15,39.6914055812361,"09"
2022-09-16,39.0990637868426,"09"
2022-09-17,38.8525081321691,"09"
2022-09-18,38.8398368159742,"09"
2022-09-19,38.7963601221853,"09"
2022-09-20,38.500611602195,"09"
2022-09-21,38.5131702844682,"09"
2022-09-22,38.5826935726579,"09"
2022-09-23,38.6366733796484,"09"
2022-09-24,38.4299056578272,"09"
2022-09-25,38.0491185269285,"09"
2022-09-26,39.5098115409222,"09"
2022-09-27,41.5511042629687,"09"
2022-09-28,41.2884701159679,"09"
2022-09-29,41.2989450706891,"09"
2022-09-30,41.4934356950414,"09"
2022-10-01,41.2111750871787,"10"
2022-10-02,41.0918112886222,"10"
2022-10-03,40.933532470107,"10"
2022-10-04,40.6906655763703,"10"
2022-10-05,40.6620284017697,"10"
2022-10-06,40.9146944466971,"10"
2022-10-07,41.6945154038151,"10"
2022-10-08,45.2214495535191,"10"
2022-10-09,49.4862485244956,"10"
2022-10-10,45.8802453617351,"10"
2022-10-11,43.7025811189504,"10"
2022-10-12,42.5810006848142,"10"
2022-10-13,47.9669858712009,"10"
2022-10-14,45.0860072626353,"10"
2022-10-15,44.2321295019779,"10"
2022-10-16,45.7145045459051,"10"
2022-10-17,47.1401120932789,"10"
2022-10-18,45.1147007541967,"10"
2022-10-19,44.6047506735509,"10"
2022-10-20,44.3006109263915,"10"
2022-10-21,43.9891499743195,"10"
2022-10-22,43.650234503825,"10"
2022-10-23,43.3639190747799,"10"
2022-10-24,43.119672415502,"10"
2022-10-25,42.8825498517738,"10"
2022-10-26,42.6676724875877,"10"
2022-10-27,42.4461497220195,"10"
2022-10-28,42.213954892367,"10"
2022-10-29,42.0034420926482,"10"
2022-10-30,41.8353359644617,"10"
2022-10-31,41.6535448147848,"10"
2022-11-01,41.4483539678678,"11"
2022-11-02,41.2328289586318,"11"
2022-11-03,41.0103769632093,"11"
2022-11-04,40.7916137287235,"11"
2022-11-05,40.4257505924544,"11"
2022-11-06,39.6793537516107,"11"
2022-11-07,38.7525537947722,"11"
2022-11-08,37.7709479383487,"11"
2022-11-09,37.428113745994,"11"
2022-11-10,37.1570109360029,"11"
2022-11-11,36.9822298358766,"11"
2022-11-12,37.1602960920534,"11"
2022-11-13,37.0037630993251,"11"
2022-11-14,36.9117975022302,"11"
2022-11-15,36.7797905459591,"11"
2022-11-16,36.5567753809279,"11"
2022-11-17,36.1800149127312,"11"
2022-11-18,35.7132880995504,"11"
2022-11-19,35.3113539498464,"11"
2022-11-20,35.0740061182746,"11"
2022-11-21,34.9249351228611,"11"
2022-11-22,34.7753854332802,"11"
2022-11-23,34.5461190855928,"11"
2022-11-24,34.3492913073645,"11"
2022-11-25,34.2844141684463,"11"
2022-11-26,34.2029798430334,"11"
2022-11-27,34.0765201074077,"11"
2022-11-28,33.9141583092297,"11"
2022-11-29,33.6851172293857,"11"
2022-11-30,33.3470183548239,"11"
2022-12-01,33.0091165896251,"12"
2022-12-02,32.767263401184,"12"
2022-12-03,32.5647194514277,"12"
2022-12-04,32.4721062092828,"12"
2022-12-05,32.415113444886,"12"
2022-12-06,32.3163053370457,"12"
2022-12-07,32.1483400012615,"12"
2022-12-08,32.0015780012435,"12"
2022-12-09,31.9018969805098,"12"
2022-12-10,31.8056794528695,"12"
2022-12-11,31.6914404977518,"12"
2022-12-12,31.5433550491534,"12"
2022-12-13,31.3817253714667,"12"
2022-12-14,31.1909798250119,"12"
2022-12-15,31.0317999351229,"12"
2022-12-16,30.8813210156877,"12"
2022-12-17,30.6269373034538,"12"
2022-12-18,30.1718962596527,"12"
2022-12-19,29.5375420124528,"12"
2022-12-20,28.8411827913389,"12"
2022-12-21,28.2585556726948,"12"
2022-12-22,27.8587052505429,"12"
2022-12-23,27.558366898242,"12"
2022-12-24,27.2532416042675,"12"
2022-12-25,26.9547053947143,"12"
2022-12-26,26.7403630416565,"12"
2022-12-27,26.6611813946783,"12"
2022-12-28,26.6480032258355,"12"
2022-12-29,26.6368806260644,"12"
2022-12-30,26.58264739275,"12"
2022-12-31,26.4982564268916,"12"
2023-01-01,26.4351532722407,"01"
2023-01-02,26.4424463186729,"01"
2023-01-03,26.469168716604,"01"
2023-01-04,26.4070511087683,"01"
2023-01-05,26.3206045738383,"01"
2023-01-06,26.2470827814271,"01"
2023-01-07,26.2110962434334,"01"
2023-01-08,26.199044413808,"01"
2023-01-09,26.1847962227088,"01"
2023-01-10,26.1209046306058,"01"
2023-01-11,26.0286011317456,"01"
2023-01-12,25.9515595292803,"01"
2023-01-13,25.8782066877517,"01"
2023-01-14,25.7991939916561,"01"
2023-01-15,25.7206318312474,"01"
2023-01-16,25.6582044801269,"01"
2023-01-17,25.6453923715297,"01"
2023-01-18,25.676085115202,"01"
2023-01-19,25.6892914425252,"01"
2023-01-20,25.6886156389948,"01"
2023-01-21,25.7244332261058,"01"
2023-01-22,25.7643619513602,"01"
2023-01-23,25.7802151758441,"01"
2023-01-24,25.7852555438416,"01"
2023-01-25,25.8173562115355,"01"
2023-01-26,25.8751092549041,"01"
2023-01-27,25.8871329260491,"01"
2023-01-28,25.8471760423143,"01"
2023-01-29,25.8314072932717,"01"
2023-01-30,25.8428114778472,"01"
2023-01-31,25.8340823489129,"01"
2023-02-01,25.842867794808,"02"
2023-02-02,25.8421356743168,"02"
2023-02-03,25.804713053821,"02"
2023-02-04,25.7491000549654,"02"
2023-02-05,25.6865319114427,"02"
2023-02-06,25.6164454536444,"02"
2023-02-07,25.5314350012164,"02"
2023-02-08,25.4793699708954,"02"
2023-02-09,25.3818571531551,"02"
2023-02-10,25.2720953964264,"02"
2023-02-11,25.1584759278782,"02"
2023-02-12,25.1271073806756,"02"
2023-02-13,25.1210533073825,"02"
2023-02-14,25.0821101289433,"02"
2023-02-15,25.0154308472774,"02"
2023-02-16,24.973221285108,"02"
2023-02-17,24.9303640778886,"02"
2023-02-18,24.9038106308401,"02"
2023-02-19,24.8795661791871,"02"
2023-02-20,24.8953349282297,"02"
2023-02-21,24.9209591454239,"02"
2023-02-22,24.9429509186423,"02"
2023-02-23,24.9357423476514,"02"
2023-02-24,24.9405574478054,"02"
2023-02-25,24.9701238522603,"02"
2023-02-26,25.0074056803539,"02"
2023-02-27,25.0451380441345,"02"
2023-02-28,25.0658345272529,"02"
2023-03-01,25.0623147171987,"03"
2023-03-02,25.060315465088,"03"
2023-03-03,25.0619486569531,"03"
2023-03-04,25.0558664251795,"03"
2023-03-05,25.0401821515782,"03"
2023-03-06,25.0105031132016,"03"
2023-03-07,25.0056598545671,"03"
2023-03-08,25.0310306454374,"03"
2023-03-09,25.0826169815911,"03"
2023-03-10,25.1287405725407,"03"
2023-03-11,25.1686411393146,"03"
2023-03-12,25.1920408365547,"03"
2023-03-13,25.1912523991025,"03"
2023-03-14,25.1645581596518,"03"
2023-03-15,25.1320632732319,"03"
2023-03-16,25.0928948269492,"03"
2023-03-17,25.0711564800548,"03"
2023-03-18,25.0769852855045,"03"
2023-03-19,25.0969496481316,"03"
2023-03-20,25.1261218338605,"03"
2023-03-21,25.1554629704719,"03"
2023-03-22,25.1663039854387,"03"
2023-03-23,25.1706685499058,"03"
2023-03-24,25.1711190855928,"03"
2023-03-25,25.1682187621081,"03"
2023-03-26,25.1458046116833,"03"
2023-03-27,25.1053127168203,"03"
2023-03-28,25.0931764117536,"03"
2023-03-29,25.0809556312456,"03"
2023-03-30,25.0730149397634,"03"
2023-03-31,25.0809274727651,"03"
2023-04-01,25.0933453626362,"04"
2023-04-02,25.1193356400761,"04"
2023-04-03,25.1480009731571,"04"
2023-04-04,25.1619394209715,"04"
2023-04-05,25.1700772218167,"04"
2023-04-06,25.1823824777661,"04"
2023-04-07,25.1973346308761,"04"
2023-04-08,25.2101185809928,"04"
2023-04-09,25.2239443948855,"04"
2023-04-10,25.2522718262014,"04"
2023-04-11,25.2574529866011,"04"
2023-04-12,25.2636196938159,"04"
2023-04-13,25.274150965498,"04"
2023-04-14,25.279219491976,"04"
2023-04-15,25.2944250714099,"04"
2023-04-16,25.3107851485416,"04"
2023-04-17,25.3337624685751,"04"
2023-04-18,25.3605411834671,"04"
2023-04-19,25.3828426999703,"04"
2023-04-20,25.4060171293668,"04"
2023-04-21,25.431050018472,"04"
2023-04-22,25.4568995035097,"04"
2023-04-23,25.4835655844799,"04"
2023-04-24,25.511583272511,"04"
2023-04-25,25.5410088845637,"04"
2023-04-26,25.5650562268537,"04"
2023-04-27,25.5918912587066,"04"
2023-04-28,25.6189797168834,"04"
2023-04-29,25.6411967579452,"04"
2023-04-30,25.6682288991611,"04"
2023-05-01,25.7022443435245,"05"
2023-05-02,25.7497195415349,"05"
2023-05-03,25.8044314690167,"05"
2023-05-04,25.8596220906658,"05"
2023-05-05,25.9041406482307,"05"
2023-05-06,25.9383813604376,"05"
2023-05-07,25.9626258120906,"05"
2023-05-08,25.9882781877653,"05"
2023-05-09,26.0139868804008,"05"
2023-05-10,26.083932545797,"05"
2023-05-11,27.8217050072536,"05"
2023-05-12,29.1790845565377,"05"
2023-05-13,29.6740824840736,"05"
2023-05-14,29.8504672055073,"05"
2023-05-15,30.0310193820453,"05"
2023-05-16,31.252337153876,"05"
2023-05-17,33.0662501464241,"05"
2023-05-18,36.9811799980176,"05"
2023-05-19,40.4067717766424,"05"
2023-05-20,40.836948882221,"05"
2023-05-21,40.5409187774264,"05"
2023-05-22,39.7078219753287,"05"
2023-05-23,39.3616979338433,"05"
2023-05-24,39.6722296560611,"05"
2023-05-25,39.8348730390434,"05"
2023-05-26,40.0750648771389,"05"
2023-05-27,39.2236369042792,"05"
2023-05-28,39.8229056848593,"05"
2023-05-29,39.8518244442642,"05"
2023-05-30,39.7093143747916,"05"
2023-05-31,39.2196384000577,"05"
2023-06-01,39.4159311671578,"06"
2023-06-02,39.0196287135404,"06"
2023-06-03,39.3415646203336,"06"
2023-06-04,40.1390972616441,"06"
2023-06-05,41.4434825507528,"06"
2023-06-06,43.3961042179151,"06"
2023-06-07,46.9881407743807,"06"
2023-06-08,48.717437533227,"06"
2023-06-09,48.9195591057768,"06"
2023-06-10,48.69423494535,"06"
2023-06-11,48.7517627208751,"06"
2023-06-12,48.4821734292073,"06"
2023-06-13,48.2519215347048,"06"
2023-06-14,48.1573935158904,"06"
2023-06-15,48.3936994836861,"06"
2023-06-16,50.8153006424639,"06"
2023-06-17,53.4701103361897,"06"
2023-06-18,59.3894171419818,"06"
2023-06-19,59.6853346128547,"06"
2023-06-20,59.2373050306815,"06"
2023-06-21,58.6171989745808,"06"
2023-06-22,58.2182777822831,"06"
2023-06-23,57.4752599590914,"06"
2023-06-24,56.130861469287,"06"
2023-06-25,54.7663859829337,"06"
2023-06-26,52.6624124834428,"06"
2023-06-27,51.1170469187864,"06"
2023-06-28,49.1004491840799,"06"
2023-06-29,46.9213207003127,"06"
2023-06-30,45.7576433379288,"06"
2023-07-01,51.2160239775093,"07"
2023-07-02,53.6900280683733,"07"
2023-07-03,48.393108155597,"07"
2023-07-04,46.4766982942719,"07"
2023-07-05,45.8029503329459,"07"
2023-07-06,44.7829093792519,"07"
2023-07-07,43.7970528208039,"07"
2023-07-08,42.5095907784356,"07"
2023-07-09,41.5425159264365,"07"
2023-07-10,39.1388021020501,"07"
2023-07-11,37.2999339965219,"07"
2023-07-12,37.8471659052614,"07"
2023-07-13,59.7402436496995,"07"
2023-07-14,47.7630621559034,"07"
2023-07-15,45.0173850458195,"07"
2023-07-16,35.6754149433677,"07"
2023-07-17,31.6508641274475,"07"
2023-07-18,34.896720325467,"07"
2023-07-19,34.8571013434974,"07"
2023-07-20,33.430677200191,"07"
2023-07-21,32.7641096513755,"07"
2023-07-22,33.2794380017841,"07"
2023-07-23,37.8819979455573,"07"
2023-07-24,44.991028708134,"07"
2023-07-25,47.0377841753845,"07"
2023-07-26,45.6396311464331,"07"
2023-07-27,43.5810209589202,"07"
2023-07-28,42.520057469827,"07"
2023-07-29,41.3140943331621,"07"
2023-07-30,40.6623663035349,"07"
2023-07-31,40.3533269807801,"07"
2023-08-01,39.8718732823327,"08"
2023-08-02,40.2103663756206,"08"
2023-08-03,40.6340951891799,"08"
2023-08-04,39.6663726921309,"08"
2023-08-05,39.2278043593833,"08"
2023-08-06,38.5350775822453,"08"
2023-08-07,38.0221708611539,"08"
2023-08-08,40.4249903134827,"08"
2023-08-09,41.5867247407167,"08"
2023-08-10,40.3073723407131,"08"
2023-08-11,39.8189634975986,"08"
2023-08-12,39.1017388424837,"08"
2023-08-13,38.659397273358,"08"
2023-08-14,38.5993633930744,"08"
2023-08-15,38.8960974598798,"08"
2023-08-16,38.2812288811397,"08"
2023-08-17,40.587690013426,"08"
2023-08-18,40.6026703250164,"08"
2023-08-19,39.7779365916074,"08"
2023-08-20,39.4472433973995,"08"
2023-08-21,38.8749504410744,"08"
2023-08-22,38.7535428358495,"08"
