"","SampleID","Match","SampleSite","SampleDate","Date_propagated","Date_planted","Year_planted","Canopy_Height_cm","Width_cm","Width_2_cm","Mother_LS","Length_1_mm","Length_2_mm","Length_3_mm","Stem_Elongation_1_mm","Stem_Elongation_2_mm","Stem_Elongation_3_mm","Cutting_length","Cutting_diameter","biovolume","Site","SampleYear","mean_stem_elong","mean_leaf_length","mean_width","SampleID_standard"
"1","KP17SP1","#N/A","Kluane Plateau",2017-08-09,NA,2017-08-10,2017,84,113,123,33,59,62,61,51,97,86,37.8,9.9,1167516,"Kluane",2017,78,60.6666666666667,118,"KP17SP1"
"2","KP17SP3","#N/A","Kluane Plateau",2017-08-09,NA,2017-08-10,2017,49,55,42,12,53,59,55,59,59,45,38.9,10.15,113190,"Kluane",2017,54.3333333333333,55.6666666666667,48.5,"KP17SP3"
"3","KP17SP4","#N/A","Kluane Plateau",2017-08-09,NA,2017-08-10,2017,54,184,202,15,56,61,55,48,22,45,42.7,15.18,2007072,"Kluane",2017,38.3333333333333,57.3333333333333,193,"KP17SP4"
"4","KP17SP5","#N/A","Kluane Plateau",2017-08-09,NA,2017-08-10,2017,68,115,84,20,56,56,56,90,58,102,32.7,10.6,656880,"Kluane",2017,83.3333333333333,56,99.5,"KP17SP5"
"5","KP17SR1","#N/A","Kluane Plateau",2017-08-09,NA,2017-08-10,2017,108,233,182,55,61,55,55,68,52,66,36.3,22.49,4579848,"Kluane",2017,62,57,207.5,"KP17SR1"
"6","KP17SR3","#N/A","Kluane Plateau",2017-08-09,NA,2017-08-10,2017,44,113,115,21,52,44,44,51,62,89,34.1,13.24,571780,"Kluane",2017,67.3333333333333,46.6666666666667,114,"KP17SR3"
"7","KP17SR5","#N/A","Kluane Plateau",2017-08-09,NA,2017-08-10,2017,106,182,154,45,45,47,51,57,71,82,39.7,12.87,2970968,"Kluane",2017,70,47.6666666666667,168,"KP17SR5"
"8","KP17SA1","#N/A","Kluane Plateau",2017-08-09,NA,2017-08-10,2017,4.8,16,16,4,NA,NA,NA,NA,NA,NA,19,7.67,1228.8,"Kluane",2017,NA,NA,16,"KP17SA1"
"9","KP17SA2","#N/A","Kluane Plateau",2017-08-09,NA,2017-08-10,2017,5,35,41,3,NA,NA,NA,NA,NA,NA,17.6,6.85,7175,"Kluane",2017,NA,NA,38,"KP17SA2"
"10","KP17SA3","#N/A","Kluane Plateau",2017-08-09,NA,2017-08-10,2017,3,28,19,10,NA,NA,NA,NA,NA,NA,12.1,7.66,1596,"Kluane",2017,NA,NA,23.5,"KP17SA3"
"11","KP17SA4","#N/A","Kluane Plateau",2017-08-09,NA,2017-08-10,2017,5,57,42,11,NA,NA,NA,NA,NA,NA,14.9,8.47,11970,"Kluane",2017,NA,NA,49.5,"KP17SA4"
"12","KP17SA5","#N/A","Kluane Plateau",2017-08-09,NA,2017-08-10,2017,5,29,25,8,NA,NA,NA,NA,NA,NA,16.4,12,3625,"Kluane",2017,NA,NA,27,"KP17SA5"
"13","KP17SA6","#N/A","Kluane Plateau",2017-08-09,NA,2017-08-10,2017,10,23,11,10,NA,NA,NA,NA,NA,NA,9.7,16.45,2530,"Kluane",2017,NA,NA,17,"KP17SA6"
"14","KP17SA7","#N/A","Kluane Plateau",2017-08-09,NA,2017-08-10,2017,4,45,32,45,NA,NA,NA,NA,NA,NA,14.8,7.71,5760,"Kluane",2017,NA,NA,38.5,"KP17SA7"
"15","KP17SA8","#N/A","Kluane Plateau",2017-08-09,NA,2017-08-10,2017,6,61,27,9,NA,NA,NA,NA,NA,NA,17.4,6.42,9882,"Kluane",2017,NA,NA,44,"KP17SA8"
"16","KP17SA9","#N/A","Kluane Plateau",2017-08-09,NA,2017-08-10,2017,4,45,43,8,NA,NA,NA,NA,NA,NA,13,9.07,7740,"Kluane",2017,NA,NA,44,"KP17SA9"
"17","KP17SA10","#N/A","Kluane Plateau",2017-08-09,NA,2017-08-10,2017,5,44,47,10,NA,NA,NA,NA,NA,NA,12.7,9.9,10340,"Kluane",2017,NA,NA,45.5,"KP17SA10"
"18","PC17SR1","#N/A","Pika Camp",2017-08-13,NA,2017-08-16,2017,38.8,47,24,20.3,49,40,41,75,70,60,32.4,12.2,43766.4,"Kluane",2017,68.3333333333333,43.3333333333333,35.5,"PC17SR1"
"19","PC17SR3","#N/A","Pika Camp",2017-08-13,NA,2017-08-16,2017,55,68,69,10.7,45,44,51,45,38,61,38.2,8.4,258060,"Kluane",2017,48,46.6666666666667,68.5,"PC17SR3"
"20","PC17SR4","#N/A","Pika Camp",2017-08-13,NA,2017-08-16,2017,31,45,36,9.4,42,38,41,48,32,33,35.5,11.1,50220,"Kluane",2017,37.6666666666667,40.3333333333333,40.5,"PC17SR4"
"21","PC17SR5","#N/A","Pika Camp",2017-08-13,NA,2017-08-16,2017,66,112,96,47.5,54,46,56,37,39,50,33.8,11.8,709632,"Kluane",2017,42,52,104,"PC17SR5"
"22","PC17SR6","#N/A","Pika Camp",2017-08-13,NA,2017-08-16,2017,56,128,52,25.6,52,52,46,65,60,70,28.3,12.1,372736,"Kluane",2017,65,50,90,"PC17SR6"
"23","PC17SR7","#N/A","Pika Camp",2017-08-13,NA,2017-08-16,2017,64,157,137,21.2,56,50,51,135,84,113,34.7,10.2,1376576,"Kluane",2017,110.666666666667,52.3333333333333,147,"PC17SR7"
"24","PC17SR8","#N/A","Pika Camp",2017-08-13,NA,2017-08-16,2017,64,102,157,22.1,40,46,45,64,71,98,41.4,14.2,1024896,"Kluane",2017,77.6666666666667,43.6666666666667,129.5,"PC17SR8"
"25","PC17SR9","#N/A","Pika Camp",2017-08-13,NA,2017-08-16,2017,63,110,72,15.5,41,42,38,41,30,18,33.4,13.7,498960,"Kluane",2017,29.6666666666667,40.3333333333333,91,"PC17SR9"
"26","PC17SR10","#N/A","Pika Camp",2017-08-13,NA,2017-08-16,2017,78,109,89,51.7,62,53,51,82,65,46,35.3,11.7,756678,"Kluane",2017,64.3333333333333,55.3333333333333,99,"PC17SR10"
"27","PC17SR11","#N/A","Pika Camp",2017-08-14,NA,2017-08-16,2017,80,120,171,33.4,63,47,54,73,83,87,38.6,12.1,1641600,"Kluane",2017,81,54.6666666666667,145.5,"PC17SR11"
"28","PC17SR12","#N/A","Pika Camp",2017-08-14,NA,2017-08-16,2017,41,45,60,8.9,54,53,51,36,90,51,38,8.4,110700,"Kluane",2017,59,52.6666666666667,52.5,"PC17SR12"
"29","PC17SR13","#N/A","Pika Camp",2017-08-14,NA,2017-08-16,2017,77,136,65,17.7,58,54,54,52,45,71,29.3,11.3,680680,"Kluane",2017,56,55.3333333333333,100.5,"PC17SR13"
"30","PC17SR14","#N/A","Pika Camp",2017-08-14,NA,2017-08-16,2017,97,145,109,23.8,60,54,58,156,100,85,41.3,11.6,1533085,"Kluane",2017,113.666666666667,57.3333333333333,127,"PC17SR14"
"31","PC17SR15","#N/A","Pika Camp",2017-08-14,NA,2017-08-16,2017,109,242,224,74.4,61,65,56,84,57,66,36.2,14.8,5908672,"Kluane",2017,69,60.6666666666667,233,"PC17SR15"
"32","PP17SR16","#N/A","Printers Pass",2017-08-15,NA,2017-08-16,2017,81,137,121,31,38,44,41,45,59,57,35.6,11.3,1342737,"Kluane",2017,53.6666666666667,41,129,"PP17SR16"
"33","PP17SR17","#N/A","Printers Pass",2017-08-15,NA,2017-08-16,2017,78.5,154,150,25,53,50,59,55,50,35,37.7,14.3,1813350,"Kluane",2017,46.6666666666667,54,152,"PP17SR17"
"34","PP17SR18","#N/A","Printers Pass",2017-08-15,NA,2017-08-16,2017,52,102,43,11,46,50,48,57,51,65,36.5,8.4,228072,"Kluane",2017,57.6666666666667,48,72.5,"PP17SR18"
"35","PP17SR19","#N/A","Printers Pass",2017-08-15,NA,2017-08-16,2017,45,66,46,16,41,42,45,30,37,34,24.2,10,136620,"Kluane",2017,33.6666666666667,42.6666666666667,56,"PP17SR19"
"36","PP17SR20","#N/A","Printers Pass",2017-08-15,NA,2017-08-16,2017,37,32,30,11,42,44,39,40,31,22,23.6,10.9,35520,"Kluane",2017,31,41.6666666666667,31,"PP17SR20"
"37","PC17SP2","#N/A","Pika Camp",2017-08-13,NA,2017-08-16,2017,28,226,191,14.5,45,44,39,26,26,24,26.9,10.4,1208648,"Kluane",2017,25.3333333333333,42.6666666666667,208.5,"PC17SP2"
"38","PC17SP4","#N/A","Pika Camp",2017-08-13,NA,2017-08-16,2017,81,256,191,49.2,54,61,49,62,75,107,33.6,16.1,3960576,"Kluane",2017,81.3333333333333,54.6666666666667,223.5,"PC17SP4"
"39","PC17SP5","#N/A","Pika Camp",2017-08-13,NA,2017-08-16,2017,33,190,137,18,38,37,35,45,43,25,26.9,14.8,858990,"Kluane",2017,37.6666666666667,36.6666666666667,163.5,"PC17SP5"
"40","PC17SP6","#N/A","Pika Camp",2017-08-14,NA,2017-08-16,2017,49,149,91,14.9,45,35,39,46,74,40,35.6,12.7,664391,"Kluane",2017,53.3333333333333,39.6666666666667,120,"PC17SP6"
"41","PC17SP7","#N/A","Pika Camp",2017-08-14,NA,2017-08-16,2017,122,211,209,53.4,66,70,61,144,128,163,36.1,9.2,5380078,"Kluane",2017,145,65.6666666666667,210,"PC17SP7"
"42","PC17SP9","#N/A","Pika Camp",2017-08-14,NA,2017-08-16,2017,83,222,131,25,50,47,50,56,64,51,34.5,11.9,2413806,"Kluane",2017,57,49,176.5,"PC17SP9"
"43","PC17SP10","#N/A","Pika Camp",2017-08-14,NA,2017-08-16,2017,22,62,51,11,54,53,55,57,50,50,26.6,14.5,69564,"Kluane",2017,52.3333333333333,54,56.5,"PC17SP10"
"44","PP17SP11","#N/A","Printers Pass",2017-08-15,NA,2017-08-16,2017,90,107,128,30,52,52,50,98,106,86,41.7,9.6,1232640,"Kluane",2017,96.6666666666667,51.3333333333333,117.5,"PP17SP11"
"45","PP17SP13","#N/A","Printers Pass",2017-08-15,NA,2017-08-16,2017,58,174,52,17,51,41,45,46,44,42,31.6,13.2,524784,"Kluane",2017,44,45.6666666666667,113,"PP17SP13"
"46","PP17SP14","#N/A","Printers Pass",2017-08-15,NA,2017-08-16,2017,74,148,137,25,43,38,42,34,65,42,37,10.1,1500424,"Kluane",2017,47,41,142.5,"PP17SP14"
"47","PP17SP15","#N/A","Printers Pass",2017-08-15,NA,2017-08-16,2017,47,225,205,23,50,51,50,43,77,80,34.6,11.9,2167875,"Kluane",2017,66.6666666666667,50.3333333333333,215,"PP17SP15"
"48","PC17SA1","#N/A","Pika Camp",2017-08-13,NA,2017-08-16,2017,9.8,102,109,5.8,NA,NA,NA,NA,NA,NA,12.1,7.6,108956.4,"Kluane",2017,NA,NA,105.5,"PC17SA1"
"49","PC17SA3","#N/A","Pika Camp",2017-08-13,NA,2017-08-16,2017,3.5,53,42,5.9,NA,NA,NA,NA,NA,NA,18.1,6.4,7791,"Kluane",2017,NA,NA,47.5,"PC17SA3"
"50","PC17SA5","#N/A","Pika Camp",2017-08-13,NA,2017-08-16,2017,5.5,108,78,8.9,NA,NA,NA,NA,NA,NA,17.1,8.9,46332,"Kluane",2017,NA,NA,93,"PC17SA5"
"51","PC17SA6","#N/A","Pika Camp",2017-08-14,NA,2017-08-16,2017,6.3,106,104,9,NA,NA,NA,NA,NA,NA,29.9,9,69451.2,"Kluane",2017,NA,NA,105,"PC17SA6"
"52","PC17SA7","#N/A","Pika Camp",2017-08-14,NA,2017-08-16,2017,5,46,52,6,NA,NA,NA,NA,NA,NA,18.9,5.6,11960,"Kluane",2017,NA,NA,49,"PC17SA7"
"53","PC17SA8","#N/A","Pika Camp",2017-08-14,NA,2017-08-16,2017,6,34,66,8,NA,NA,NA,NA,NA,NA,17.5,7.1,13464,"Kluane",2017,NA,NA,50,"PC17SA8"
"54","PC17SA10","#N/A","Pika Camp",2017-08-14,NA,2017-08-16,2017,8.6,117,200,14,NA,NA,NA,NA,NA,NA,16.3,10.7,201240,"Kluane",2017,NA,NA,158.5,"PC17SA10"
"55","KP17SR8","#N/A","Kluane Plateau",2017-08-19,NA,2017-08-19,2017,93,157,83,22.9,56,51,57,62,67,116,30.3,11,1211883,"Kluane",2017,81.6666666666667,54.6666666666667,120,"KP17SR8"
"56","KP17SR9","#N/A","Kluane Plateau",2017-08-19,NA,2017-08-19,2017,57,52,57,16.1,63,54,65,74,44,49,30.6,8,168948,"Kluane",2017,55.6666666666667,60.6666666666667,54.5,"KP17SR9"
"57","KP17SR10","#N/A","Kluane Plateau",2017-08-19,NA,2017-08-19,2017,86,200,201,31.3,65,62,70,75,63,71,29.1,15,3457200,"Kluane",2017,69.6666666666667,65.6666666666667,200.5,"KP17SR10"
"58","KP17SR11","#N/A","Kluane Plateau",2017-08-19,NA,2017-08-19,2017,65,156,133,38,46,47,52,193,97,81,35.5,16,1348620,"Kluane",2017,123.666666666667,48.3333333333333,144.5,"KP17SR11"
"59","KP17SR12","#N/A","Kluane Plateau",2017-08-19,NA,2017-08-19,2017,64,209,199,37.3,62,64,61,61,84,92,34.6,20,2661824,"Kluane",2017,79,62.3333333333333,204,"KP17SR12"
"60","KP17SR14","#N/A","Kluane Plateau",2017-08-19,NA,2017-08-19,2017,42,65,32,15.5,55,43,52,36,48,49,24.9,12,87360,"Kluane",2017,44.3333333333333,50,48.5,"KP17SR14"
"61","KP17SR15","#N/A","Kluane Plateau",2017-08-19,NA,2017-08-19,2017,77,182,155,25.9,67,64,75,73,62,77,42.5,19,2172170,"Kluane",2017,70.6666666666667,68.6666666666667,168.5,"KP17SR15"
"62","KP17SP6","#N/A","Kluane Plateau",2017-08-19,NA,2017-08-19,2017,36,103,67,18.9,41,43,42,42,18,28,32.6,18,248436,"Kluane",2017,29.3333333333333,42,85,"KP17SP6"
"63","KP17SP7","#N/A","Kluane Plateau",2017-08-19,NA,2017-08-19,2017,58,47,30,9.3,41,46,50,86,45,35,33,10,81780,"Kluane",2017,55.3333333333333,45.6666666666667,38.5,"KP17SP7"
"64","KP17SP8","#N/A","Kluane Plateau",2017-08-19,NA,2017-08-19,2017,67,173,134,28.5,45,44,53,55,39,61,28.1,13,1553194,"Kluane",2017,51.6666666666667,47.3333333333333,153.5,"KP17SP8"
"65","KP17SP10","#N/A","Kluane Plateau",2017-08-19,NA,2017-08-19,2017,25,165,122,8.1,54,52,51,36,38,30,30.7,9,503250,"Kluane",2017,34.6666666666667,52.3333333333333,143.5,"KP17SP10"
"66","KP17SP11","#N/A","Kluane Plateau",2017-08-19,NA,2017-08-19,2017,65,156,148,26.7,54,59,60,56,41,63,33.2,15,1500720,"Kluane",2017,53.3333333333333,57.6666666666667,152,"KP17SP11"
"67","KP17SP12","#N/A","Kluane Plateau",2017-08-19,NA,2017-08-19,2017,85,185,151,37.1,59,57,60,138,155,123,33.6,11,2374475,"Kluane",2017,138.666666666667,58.6666666666667,168,"KP17SP12"
"68","KP17SP15","#N/A","Kluane Plateau",2017-08-19,NA,2017-08-19,2017,74,182,142,29.8,49,48,51,74,50,43,34.8,15,1912456,"Kluane",2017,55.6666666666667,49.3333333333333,162,"KP17SP15"
"69","H17Sp1","#N/A","Qikiqtaruk",2017-08-13,NA,2017-08-20,2017,29.5,152,79,5,46,47,41,31,27,26,23.2,6.1,354236,"Qikiqtaruk",2017,28,44.6666666666667,115.5,"H17SP1"
"70","H17Sp2","#N/A","Qikiqtaruk",2017-08-13,NA,2017-08-20,2017,26.5,131,164,5,38,44,38,38,19,16,26.7,6.3,569326,"Qikiqtaruk",2017,24.3333333333333,40,147.5,"H17SP2"
"71","H17Sp3","#N/A","Qikiqtaruk",2017-08-13,NA,2017-08-20,2017,28,213,126,11,43,46,41,49,40,29,25.9,11,751464,"Qikiqtaruk",2017,39.3333333333333,43.3333333333333,169.5,"H17SP3"
"72","H17Sp4","#N/A","Qikiqtaruk",2017-08-13,NA,2017-08-20,2017,30.4,204,118,9,46,51,52,50,38,35,29.8,10,731788.8,"Qikiqtaruk",2017,41,49.6666666666667,161,"H17SP4"
"73","H17Sp6","#N/A","Qikiqtaruk",2017-08-13,NA,2017-08-20,2017,26.5,283,112,11,48,42,46,26,26,27,40.7,6.8,839944,"Qikiqtaruk",2017,26.3333333333333,45.3333333333333,197.5,"H17SP6"
"74","H17Sp7","#N/A","Qikiqtaruk",2017-08-13,NA,2017-08-20,2017,22,164,77,6,35,36,38,23,35,24,28.5,7.4,277816,"Qikiqtaruk",2017,27.3333333333333,36.3333333333333,120.5,"H17SP7"
"75","H17Sp8","#N/A","Qikiqtaruk",2017-08-13,NA,2017-08-20,2017,36,262,190,12,45,40,36,35,38,29,41.9,11.9,1792080,"Qikiqtaruk",2017,34,40.3333333333333,226,"H17SP8"
"76","H17Sp9","#N/A","Qikiqtaruk",2017-08-13,NA,2017-08-20,2017,29,184,143,8,51,54,53,57,31,56,28.9,10.8,763048,"Qikiqtaruk",2017,48,52.6666666666667,163.5,"H17SP9"
"77","H17Sp10","#N/A","Qikiqtaruk",2017-08-13,NA,2017-08-20,2017,29,225,107,10,38,35,33,18,30,30,27,9.4,698175,"Qikiqtaruk",2017,26,35.3333333333333,166,"H17SP10"
"78","H17Sp11","#N/A","Qikiqtaruk",2017-08-13,NA,2017-08-20,2017,24,197,144,8,44,45,38,26,19,33,36.8,12.2,680832,"Qikiqtaruk",2017,26,42.3333333333333,170.5,"H17SP11"
"79","H17Sp12","#N/A","Qikiqtaruk",2017-08-13,NA,2017-08-20,2017,26.5,118,68,11,38,26,27,17,17,18,29.8,6.7,212636,"Qikiqtaruk",2017,17.3333333333333,30.3333333333333,93,"H17SP12"
"80","H17Sp13","#N/A","Qikiqtaruk",2017-08-13,NA,2017-08-20,2017,25,138,108,8,29,32,27,30,21,19,37.2,8.3,372600,"Qikiqtaruk",2017,23.3333333333333,29.3333333333333,123,"H17SP13"
"81","H17Sp14","#N/A","Qikiqtaruk",2017-08-13,NA,2017-08-20,2017,30,289,185,9,35,39,34,27,27,25,33.3,8.1,1603950,"Qikiqtaruk",2017,26.3333333333333,36,237,"H17SP14"
"82","H17Sp15","#N/A","Qikiqtaruk",2017-08-13,NA,2017-08-20,2017,29,175,175,7,42,36,40,25,33,36,26.8,8,888125,"Qikiqtaruk",2017,31.3333333333333,39.3333333333333,175,"H17SP15"
"83","H17Sp16","#N/A","Qikiqtaruk",2017-08-13,NA,2017-08-20,2017,28,52,93,8,37,37,33,40,22,37,35.9,9,135408,"Qikiqtaruk",2017,33,35.6666666666667,72.5,"H17SP16"
"84","H17Sp17","#N/A","Qikiqtaruk",2017-08-13,NA,2017-08-20,2017,28,112,88,8,37,38,41,53,64,63,40.2,9.6,275968,"Qikiqtaruk",2017,60,38.6666666666667,100,"H17SP17"
"85","H17Sp18","#N/A","Qikiqtaruk",2017-08-13,NA,2017-08-20,2017,23,162,128,6,38,36,34,109,53,32,28.5,7.6,476928,"Qikiqtaruk",2017,64.6666666666667,36,145,"H17SP18"
"86","H17Sp19","#N/A","Qikiqtaruk",2017-08-13,NA,2017-08-20,2017,18,215,143,8,58,47,44,32,41,33,46.5,8.8,553410,"Qikiqtaruk",2017,35.3333333333333,49.6666666666667,179,"H17SP19"
"87","H17Sp20","#N/A","Qikiqtaruk",2017-08-13,NA,2017-08-20,2017,29,195,122,12,37,29,38,22,17,20,30,9,689910,"Qikiqtaruk",2017,19.6666666666667,34.6666666666667,158.5,"H17SP20"
"88","H17Sr1","#N/A","Qikiqtaruk",2017-08-13,NA,2017-08-20,2017,38,245,169,18,41,44,36,24,30,23,35.5,11.5,1573390,"Qikiqtaruk",2017,25.6666666666667,40.3333333333333,207,"H17SR1"
"89","H17Sr2","#N/A","Qikiqtaruk",2017-08-13,NA,2017-08-20,2017,23,204,165,14,40,40,37,26,15,23,31.2,9.5,774180,"Qikiqtaruk",2017,21.3333333333333,39,184.5,"H17SR2"
"90","H17Sr3","#N/A","Qikiqtaruk",2017-08-13,NA,2017-08-20,2017,27,152,132,9,40,42,42,38,32,15,32.7,10.7,541728,"Qikiqtaruk",2017,28.3333333333333,41.3333333333333,142,"H17SR3"
"91","H17Sr4","#N/A","Qikiqtaruk",2017-08-13,NA,2017-08-20,2017,49,NA,NA,39,44,40,41,33,29,32,39,15.8,NA,"Qikiqtaruk",2017,31.3333333333333,41.6666666666667,NA,"H17SR4"
"92","H17Sr5","#N/A","Qikiqtaruk",2017-08-13,NA,2017-08-20,2017,27,500,425,15,49,46,41,24,17,21,35.2,10.5,5737500,"Qikiqtaruk",2017,20.6666666666667,45.3333333333333,462.5,"H17SR5"
"93","H17Sr6","#N/A","Qikiqtaruk",2017-08-13,NA,2017-08-20,2017,23,192,167,14,47,45,47,21,22,31,30.5,15,737472,"Qikiqtaruk",2017,24.6666666666667,46.3333333333333,179.5,"H17SR6"
"94","H17Sr7","#N/A","Qikiqtaruk",2017-08-13,NA,2017-08-20,2017,34,184,132,9,44,40,45,24,26,25,30.5,12,825792,"Qikiqtaruk",2017,25,43,158,"H17SR7"
"95","H17Sr8","#N/A","Qikiqtaruk",2017-08-13,NA,2017-08-20,2017,32,305,195,13,44,39,37,27,21,25,31.9,11.4,1903200,"Qikiqtaruk",2017,24.3333333333333,40,250,"H17SR8"
"96","H17Sr9","#N/A","Qikiqtaruk",2017-08-13,NA,2017-08-20,2017,56,NA,NA,32,44,44,47,34,41,30,37.7,12.1,NA,"Qikiqtaruk",2017,35,45,NA,"H17SR9"
"97","H17Sr10","#N/A","Qikiqtaruk",2017-08-13,NA,2017-08-20,2017,42,186,154,13,43,39,40,22,17,36,39.2,14,1203048,"Qikiqtaruk",2017,25,40.6666666666667,170,"H17SR10"
"98","H17Sr11","#N/A","Qikiqtaruk",2017-08-13,NA,2017-08-20,2017,67,NA,412,32,48,46,58,58,34,47,40.5,11.5,NA,"Qikiqtaruk",2017,46.3333333333333,50.6666666666667,NA,"H17SR11"
"99","H17Sr12","#N/A","Qikiqtaruk",2017-08-13,NA,2017-08-20,2017,54,208,176,25,41,43,40,20,17,35,29.3,11.5,1976832,"Qikiqtaruk",2017,24,41.3333333333333,192,"H17SR12"
"100","H17Sr13","#N/A","Qikiqtaruk",2017-08-13,NA,2017-08-20,2017,35,261,174,20,43,50,46,40,29,36,43.9,10.5,1589490,"Qikiqtaruk",2017,35,46.3333333333333,217.5,"H17SR13"
"101","H17Sr14","#N/A","Qikiqtaruk",2017-08-13,NA,2017-08-20,2017,24,228,211,12,43,46,44,33,24,11,28.5,13,1154592,"Qikiqtaruk",2017,22.6666666666667,44.3333333333333,219.5,"H17SR14"
"102","H17Sr15","#N/A","Qikiqtaruk",2017-08-13,NA,2017-08-20,2017,38,300,219,19,35,35,40,32,37,21,30.5,11.2,2496600,"Qikiqtaruk",2017,30,36.6666666666667,259.5,"H17SR15"
"103","H17Sr16","#N/A","Qikiqtaruk",2017-08-13,NA,2017-08-20,2017,59,216,285,26,41,44,40,45,34,37,33,15.6,3632040,"Qikiqtaruk",2017,38.6666666666667,41.6666666666667,250.5,"H17SR16"
"104","H17Sr17","#N/A","Qikiqtaruk",2017-08-13,NA,2017-08-20,2017,48,208,159,25,56,49,49,57,52,45,35.5,12.3,1587456,"Qikiqtaruk",2017,51.3333333333333,51.3333333333333,183.5,"H17SR17"
"105","H17Sr18","#N/A","Qikiqtaruk",2017-08-13,NA,2017-08-20,2017,72,NA,NA,36,43,46,41,32,26,15,44,12.1,NA,"Qikiqtaruk",2017,24.3333333333333,43.3333333333333,NA,"H17SR18"
"106","H17Sr19","#N/A","Qikiqtaruk",2017-08-13,NA,2017-08-20,2017,43,148,153,12,34,31,32,16,30,27,23.1,15.1,973692,"Qikiqtaruk",2017,24.3333333333333,32.3333333333333,150.5,"H17SR19"
"107","H17Sr20","#N/A","Qikiqtaruk",2017-08-13,NA,2017-08-20,2017,55,212,196,21,47,47,40,22,31,29,37.8,10.1,2285360,"Qikiqtaruk",2017,27.3333333333333,44.6666666666667,204,"H17SR20"
"108","H17Sr21","#N/A","Qikiqtaruk",2017-08-14,NA,2017-08-20,2017,52.5,482,402,30,50,48,48,46,36,32,28.2,11,10172610,"Qikiqtaruk",2017,38,48.6666666666667,442,"H17SR21"
"109","H17Sr22","#N/A","Qikiqtaruk",2017-08-14,NA,2017-08-20,2017,48,321,307,24,41,41,38,21,20,26,35.3,9.4,4730256,"Qikiqtaruk",2017,22.3333333333333,40,314,"H17SR22"
"110","H17Sr35","#N/A","Qikiqtaruk",2017-08-14,NA,2017-08-20,2017,46.5,392,339,28,55,51,59,110,78,111,39.2,12.2,6179292,"Qikiqtaruk",2017,99.6666666666667,55,365.5,"H17SR35"
"111","H17Sr36","#N/A","Qikiqtaruk",2017-08-14,NA,2017-08-20,2017,41,134,117,19,55,51,58,250,221,88,41.1,14.8,642798,"Qikiqtaruk",2017,186.333333333333,54.6666666666667,125.5,"H17SR36"
"112","H17Sr37","#N/A","Qikiqtaruk",2017-08-14,NA,2017-08-20,2017,57,178,139,23,51,55,47,92,53,70,40.9,8.3,1410294,"Qikiqtaruk",2017,71.6666666666667,51,158.5,"H17SR37"
"113","H17Sr39","#N/A","Qikiqtaruk",2017-08-14,NA,2017-08-20,2017,36,128,123,11,44,41,43,48,30,44,35.9,13.6,566784,"Qikiqtaruk",2017,40.6666666666667,42.6666666666667,125.5,"H17SR39"
"114","H17Sr40","#N/A","Qikiqtaruk",2017-08-14,NA,2017-08-20,2017,32,151,124,12,36,33,33,24,28,24,31.6,13.1,599168,"Qikiqtaruk",2017,25.3333333333333,34,137.5,"H17SR40"
"115","PC16PVSR1","PC16PVSr1","Pika Camp",2016-06-29,2016-07-02,2016-08-08,2016,148,147,103,34.1,NA,NA,NA,NA,NA,NA,29.9,10.3,2240868,"Kluane",2016,NA,NA,125,"PC16PVSR1"
"116","PC16PVSR2","PC16PVSr2","Pika Camp",2016-06-29,2016-07-02,2016-08-08,2016,124,154,117,50.3,NA,NA,NA,NA,NA,NA,40.4,10.8,2234232,"Kluane",2016,NA,NA,135.5,"PC16PVSR2"
"117","PC16PVSR3","PC16PVSr3","Pika Camp",2016-06-29,2016-07-02,2016-08-08,2016,22,46,62,10.4,NA,NA,NA,NA,NA,NA,30.5,7.5,62744,"Kluane",2016,NA,NA,54,"PC16PVSR3"
"118","PC16PVSR4","PC16PVSr4","Pika Camp",2016-06-29,2016-07-02,2016-08-08,2016,174,183,226,69.6,NA,NA,NA,NA,NA,NA,28.5,9.4,7196292,"Kluane",2016,NA,NA,204.5,"PC16PVSR4"
"119","PC16PVSR5","PC16PVSr5","Pika Camp",2016-06-29,2016-07-02,2016-08-08,2016,100,224,137,47,NA,NA,NA,NA,NA,NA,43.5,10.6,3068800,"Kluane",2016,NA,NA,180.5,"PC16PVSR5"
"120","PC16PVSR6","PC16PVSr6","Pika Camp",2016-06-29,NA,2016-07-02,2016,108,215,152,38.7,NA,NA,NA,NA,NA,NA,34.8,10.6,3529440,"Kluane",2016,NA,NA,183.5,"PC16PVSR6"
"121","PC16PVSR7","PC16PVSr7","Pika Camp",2016-06-29,NA,2016-07-02,2016,81,222,108,33.3,NA,NA,NA,NA,NA,NA,33.5,11.6,1942056,"Kluane",2016,NA,NA,165,"PC16PVSR7"
"122","PC16PVSR8","PC16PVSr8","Pika Camp",2016-06-29,NA,2016-07-02,2016,76,235,154,24.7,NA,NA,NA,NA,NA,NA,39.5,8.4,2750440,"Kluane",2016,NA,NA,194.5,"PC16PVSR8"
"123","PC16PVSP1","PC16PVSp1","Pika Camp",2016-06-29,2016-07-02,2016-08-08,2016,143,68,163,38.6,NA,NA,NA,NA,NA,NA,35.4,11.4,1585012,"Kluane",2016,NA,NA,115.5,"PC16PVSP1"
"124","PC16PVSP2","PC16PVSp2","Pika Camp",2016-06-29,2016-07-02,2016-08-08,2016,87,174,185,24.4,NA,NA,NA,NA,NA,NA,17,9.2,2800530,"Kluane",2016,NA,NA,179.5,"PC16PVSP2"
"125","PC16PVSP3","PC16PVSp3","Pika Camp",2016-06-29,2016-07-02,2016-08-08,2016,109,44,153,17,NA,NA,NA,NA,NA,NA,23.4,11.5,733788,"Kluane",2016,NA,NA,98.5,"PC16PVSP3"
"126","PC16PVSP4","PC16PVSp4","Pika Camp",2016-06-29,2016-07-02,2016-08-08,2016,40,389,152,21.2,NA,NA,NA,NA,NA,NA,35.2,11.8,2365120,"Kluane",2016,NA,NA,270.5,"PC16PVSP4"
"127","PC16PVSP5","PC16PVSp5","Pika Camp",2016-06-29,2016-07-02,2016-08-08,2016,86,214,236,97.2,NA,NA,NA,NA,NA,NA,36,9.6,4343344,"Kluane",2016,NA,NA,225,"PC16PVSP5"
"128","PC16PVSP6","PC16PVSp6","Pika Camp",2016-06-29,NA,2016-07-02,2016,78,209,223,45.1,NA,NA,NA,NA,NA,NA,37.2,8.2,3635346,"Kluane",2016,NA,NA,216,"PC16PVSP6"
"129","PC16PVSP7","PC16PVSp7","Pika Camp",2016-06-29,NA,2016-07-02,2016,67,168,152,19.4,NA,NA,NA,NA,NA,NA,40.9,11.4,1710912,"Kluane",2016,NA,NA,160,"PC16PVSP7"
"130","PC16PVSP8","PC16PVSp8","Pika Camp",2016-06-29,NA,2016-07-02,2016,63,139,99,21.3,NA,NA,NA,NA,NA,NA,41,10.9,866943,"Kluane",2016,NA,NA,119,"PC16PVSP8"
"131","PC16PVSP9","PC16PVSp9","Pika Camp",2016-06-29,NA,2016-07-02,2016,94,123,143,16.4,NA,NA,NA,NA,NA,NA,36.5,8,1653366,"Kluane",2016,NA,NA,133,"PC16PVSP9"
"132","PC16PVSP10","PC16PVSp10","Pika Camp",2016-06-29,NA,2016-07-02,2016,51,116,72,18.6,NA,NA,NA,NA,NA,NA,29,8.9,425952,"Kluane",2016,NA,NA,94,"PC16PVSP10"
"133","PC16PVSA1","PC16PVSa1","Pika Camp",2016-06-29,2016-07-02,2016-08-09,2016,12,45,18,11.1,NA,NA,NA,NA,NA,NA,21.9,9.3,9720,"Kluane",2016,NA,NA,31.5,"PC16PVSA1"
"134","PC16PVSA2","PC16PVSa2","Pika Camp",2016-06-29,2016-07-02,2016-08-09,2016,12,60,60,8.7,NA,NA,NA,NA,NA,NA,20.3,9.2,43200,"Kluane",2016,NA,NA,60,"PC16PVSA2"
"135","PC16PVSA3","PC16PVSa3","Pika Camp",2016-06-29,2016-07-02,2016-08-09,2016,12,60,60,8.7,NA,NA,NA,NA,NA,NA,15.6,5.3,43200,"Kluane",2016,NA,NA,60,"PC16PVSA3"
"136","PC16PVSA4","PC16PVSa4","Pika Camp",2016-06-29,2016-07-02,2016-08-09,2016,21,197,281,16.5,NA,NA,NA,NA,NA,NA,19.8,9.4,1162497,"Kluane",2016,NA,NA,239,"PC16PVSA4"
"137","PC16CWSR1","PC16CWSr1","Pika Camp",2016-06-29,2016-07-02,2016-08-08,2016,111,330,328,64.8,NA,NA,NA,NA,NA,NA,35.4,9.4,12014640,"Kluane",2016,NA,NA,329,"PC16CWSR1"
"138","PC16CWSR2","PC16CWSr2","Pika Camp",2016-06-29,2016-07-02,2016-08-08,2016,96,160,131,22.9,NA,NA,NA,NA,NA,NA,34.2,11.3,2012160,"Kluane",2016,NA,NA,145.5,"PC16CWSR2"
"139","PC16CWSR3","PC16CWSr3","Pika Camp",2016-06-29,2016-07-02,2016-08-08,2016,83,174,112,25.6,NA,NA,NA,NA,NA,NA,31.4,10.4,1617504,"Kluane",2016,NA,NA,143,"PC16CWSR3"
"140","PC16CWSR4","PC16CWSr4","Pika Camp",2016-06-29,2016-07-02,2016-08-08,2016,47,32,36,8.2,NA,NA,NA,NA,NA,NA,29.6,8.3,54144,"Kluane",2016,NA,NA,34,"PC16CWSR4"
"141","PC16CWSR5","PC16CWSr5","Pika Camp",2016-06-29,2016-07-02,2016-08-08,2016,38,102,58,13.5,NA,NA,NA,NA,NA,NA,33.1,8.5,224808,"Kluane",2016,NA,NA,80,"PC16CWSR5"
"142","PC16CWSR7","PC16CWSr7","Pika Camp",2016-06-29,NA,2016-07-02,2016,64,111,68,19,NA,NA,NA,NA,NA,NA,36.1,10.7,483072,"Kluane",2016,NA,NA,89.5,"PC16CWSR7"
"143","PC16CWSR8","PC16CWSr8","Pika Camp",2016-06-29,NA,2016-07-02,2016,52,41,32,17,NA,NA,NA,NA,NA,NA,16.2,7.8,68224,"Kluane",2016,NA,NA,36.5,"PC16CWSR8"
"144","PC16CWSP2","PC16CWSp2","Pika Camp",2016-06-29,2016-07-02,2016-08-08,2016,83,213,256,25.4,NA,NA,NA,NA,NA,NA,421.7,9.2,4525824,"Kluane",2016,NA,NA,234.5,"PC16CWSP2"
"145","PC16CWSP3","PC16CWSp3","Pika Camp",2016-06-29,2016-07-02,2016-08-08,2016,56,183,171,35.5,NA,NA,NA,NA,NA,NA,32.7,8.4,1752408,"Kluane",2016,NA,NA,177,"PC16CWSP3"
"146","PC16CWSP4","PC16CWSp4","Pika Camp",2016-06-29,2016-07-02,2016-08-08,2016,67,242,205,19,NA,NA,NA,NA,NA,NA,36.3,7.4,3323870,"Kluane",2016,NA,NA,223.5,"PC16CWSP4"
"147","PC16CWSP6","PC16CWSp6","Pika Camp",2016-06-29,NA,2016-07-02,2016,24,257,156,18.5,NA,NA,NA,NA,NA,NA,31,9.8,962208,"Kluane",2016,NA,NA,206.5,"PC16CWSP6"
"148","PC16CWSP7","PC16CWSp7","Pika Camp",2016-06-29,NA,2016-07-02,2016,64,111,68,19,NA,NA,NA,NA,NA,NA,34.3,15.5,483072,"Kluane",2016,NA,NA,89.5,"PC16CWSP7"
"149","PC16CWSP9","PC16CWSp9","Pika Camp",2016-06-29,NA,2016-07-02,2016,60,117,81,29,NA,NA,NA,NA,NA,NA,37.8,13.4,568620,"Kluane",2016,NA,NA,99,"PC16CWSP9"
"150","PC16CWSP10","PC16CWSp10","Pika Camp",2016-06-29,NA,2016-07-02,2016,51,124,96,14,NA,NA,NA,NA,NA,NA,34.4,15.2,607104,"Kluane",2016,NA,NA,110,"PC16CWSP10"
"151","PC16CESR1","PC16CESr1","Pika Camp",2016-06-30,2016-07-02,2016-08-08,2016,75,181,197,20.7,NA,NA,NA,NA,NA,NA,32.2,11,2674275,"Kluane",2016,NA,NA,189,"PC16CESR1"
"152","PC16CESR2","PC16CESr2","Pika Camp",2016-06-30,2016-07-02,2016-08-08,2016,67,138,148,22.4,NA,NA,NA,NA,NA,NA,36.6,10.4,1368408,"Kluane",2016,NA,NA,143,"PC16CESR2"
"153","PC16CESR3","PC16CESr3","Pika Camp",2016-06-30,2016-07-02,2016-08-08,2016,59,172,178,33.5,NA,NA,NA,NA,NA,NA,37.9,11.7,1806344,"Kluane",2016,NA,NA,175,"PC16CESR3"
"154","PC16CESR4","PC16CESr4","Pika Camp",2016-06-30,2016-07-02,2016-08-08,2016,46,114,114,40,NA,NA,NA,NA,NA,NA,21.5,11.8,597816,"Kluane",2016,NA,NA,114,"PC16CESR4"
"155","PC16CESR5","PC16CESr5","Pika Camp",2016-06-30,2016-07-02,2016-08-08,2016,28,28,24,100,NA,NA,NA,NA,NA,NA,22.2,11.7,18816,"Kluane",2016,NA,NA,26,"PC16CESR5"
"156","PC16CESR6","PC16CESr6","Pika Camp",2016-06-30,NA,2016-07-02,2016,42,41,34,11,NA,NA,NA,NA,NA,NA,29,10.8,58548,"Kluane",2016,NA,NA,37.5,"PC16CESR6"
"157","PC16CESR7","PC16CESr7","Pika Camp",2016-06-30,NA,2016-07-02,2016,32,35,33,8,NA,NA,NA,NA,NA,NA,19.2,9.9,36960,"Kluane",2016,NA,NA,34,"PC16CESR7"
"158","PC16CESR8","PC16CESr8","Pika Camp",2016-06-30,NA,2016-07-02,2016,41,41,20,9,NA,NA,NA,NA,NA,NA,31.4,5.5,33620,"Kluane",2016,NA,NA,30.5,"PC16CESR8"
"159","PC16CESR9","PC16CESr9","Pika Camp",2016-06-30,NA,2016-07-02,2016,25,70,62,9,NA,NA,NA,NA,NA,NA,26.6,9.4,108500,"Kluane",2016,NA,NA,66,"PC16CESR9"
"160","PC16CESP1","PC16CESp1","Pika Camp",2016-06-30,2016-07-02,2016-08-08,2016,68,108,82,20.4,NA,NA,NA,NA,NA,NA,34.4,8.6,602208,"Kluane",2016,NA,NA,95,"PC16CESP1"
"161","PC16CESP2","PC16CESp2","Pika Camp",2016-06-30,2016-07-02,2016-08-08,2016,41,130,143,16.3,NA,NA,NA,NA,NA,NA,35.3,11.9,762190,"Kluane",2016,NA,NA,136.5,"PC16CESP2"
"162","PC16CESP3","PC16CESp3","Pika Camp",2016-06-30,2016-07-02,2016-08-08,2016,96,329,238,29.9,NA,NA,NA,NA,NA,NA,34.3,11.4,7516992,"Kluane",2016,NA,NA,283.5,"PC16CESP3"
"163","PC16CESP5","PC16CESp5","Pika Camp",2016-06-30,2016-07-02,2016-08-08,2016,34,128,99,11,NA,NA,NA,NA,NA,NA,38.3,11.1,430848,"Kluane",2016,NA,NA,113.5,"PC16CESP5"
"164","PC16CESP6","PC16CESp6","Pika Camp",2016-06-30,NA,2016-07-02,2016,69,145,177,18,NA,NA,NA,NA,NA,NA,22.6,8.8,1770885,"Kluane",2016,NA,NA,161,"PC16CESP6"
"165","PC16CESP7","PC16CESp7","Pika Camp",2016-06-30,NA,2016-07-02,2016,32,233,195,35,NA,NA,NA,NA,NA,NA,28.8,9.5,1453920,"Kluane",2016,NA,NA,214,"PC16CESP7"
"166","PC16CESP8","PC16CESp8","Pika Camp",2016-06-30,NA,2016-07-02,2016,40,306,217,22,NA,NA,NA,NA,NA,NA,29.9,9.7,2656080,"Kluane",2016,NA,NA,261.5,"PC16CESP8"
"167","PC16CESP9","PC16CESp9","Pika Camp",2016-06-30,NA,2016-07-02,2016,38,105,83,12,NA,NA,NA,NA,NA,NA,25,9.2,331170,"Kluane",2016,NA,NA,94,"PC16CESP9"
"168","PC16CESP10","PC16CESp10","Pika Camp",2016-06-30,NA,2016-07-02,2016,61,251,209,30,NA,NA,NA,NA,NA,NA,24.8,8.8,3199999,"Kluane",2016,NA,NA,230,"PC16CESP10"
"169","PC16CESA2","PC16CESa2","Pika Camp",2016-06-30,NA,2016-07-02,2016,7,60,45,8.4,NA,NA,NA,NA,NA,NA,NA,NA,18900,"Kluane",2016,NA,NA,52.5,"PC16CESA2"
"170","PC16CESA5","PC16CESa5","Pika Camp",2016-06-30,NA,2016-07-02,2016,5,63,54,10,NA,NA,NA,NA,NA,NA,NA,NA,17010,"Kluane",2016,NA,NA,58.5,"PC16CESA5"
"171","PP16TSR2","PP16TSR2","Printers Pass",2016-07-01,2016-07-02,2016-08-08,2016,27,54,49,12,NA,NA,NA,NA,NA,NA,27.5,6.2,71442,"Kluane",2016,NA,NA,51.5,"PP16TSR2"
"172","PP16TSR3","PP16TSR3","Printers Pass",2016-07-01,2016-07-02,2016-08-08,2016,29,49,30,8,NA,NA,NA,NA,NA,NA,26.4,12.6,42630,"Kluane",2016,NA,NA,39.5,"PP16TSR3"
"173","PP16TSR4","PP16TSR4","Printers Pass",2016-07-01,2016-07-02,2016-08-08,2016,14,56,35,21,NA,NA,NA,NA,NA,NA,29.5,9.4,27440,"Kluane",2016,NA,NA,45.5,"PP16TSR4"
"174","PP16TSR10","PP16TSr10","Printers Pass",2016-07-01,NA,2016-07-02,2016,36,65,32,19,NA,NA,NA,NA,NA,NA,33.7,12.4,74880,"Kluane",2016,NA,NA,48.5,"PP16TSR10"
"175","PP16TSP1","PP16TSP1","Printers Pass",2016-07-01,2016-07-02,2016-08-08,2016,48,162,151,17,NA,NA,NA,NA,NA,NA,32.1,9.7,1174176,"Kluane",2016,NA,NA,156.5,"PP16TSP1"
"176","PP16TSP3","PP16TSP3","Printers Pass",2016-07-01,2016-07-02,2016-08-08,2016,27,168,89,12,NA,NA,NA,NA,NA,NA,28.1,8.8,403704,"Kluane",2016,NA,NA,128.5,"PP16TSP3"
"177","PP16TSP6","PP16TSp6","Printers Pass",2016-07-01,NA,2016-07-02,2016,45,131,59,10,NA,NA,NA,NA,NA,NA,NA,NA,347805,"Kluane",2016,NA,NA,95,"PP16TSP6"
"178","PP16TSP7","PP16TSp7","Printers Pass",2016-07-01,NA,2016-07-02,2016,39,152,102,25,NA,NA,NA,NA,NA,NA,NA,NA,604656,"Kluane",2016,NA,NA,127,"PP16TSP7"
"179","PP16TSP8","PP16TSp8","Printers Pass",2016-07-01,NA,2016-07-02,2016,58,141,103,29,NA,NA,NA,NA,NA,NA,NA,NA,842334,"Kluane",2016,NA,NA,122,"PP16TSP8"
"180","PP16TSP9","PP16TSp9","Printers Pass",2016-07-01,NA,2016-07-02,2016,33,226,141,22,NA,NA,NA,NA,NA,NA,NA,NA,1051578,"Kluane",2016,NA,NA,183.5,"PP16TSP9"
"181","PP16TSP10","PP16TSp10","Printers Pass",2016-07-01,NA,2016-07-02,2016,64,104,62,18,NA,NA,NA,NA,NA,NA,NA,NA,412672,"Kluane",2016,NA,NA,83,"PP16TSP10"
"182","KP16SR1","KP16SR1","Kluane Plateau",2016-07-05,2016-07-06,2016-08-08,2016,143,151,139,48.9,NA,NA,NA,NA,NA,NA,33.4,6.7,3001427,"Kluane",2016,NA,NA,145,"KP16SR1"
"183","KP16SR2","KP16SR2","Kluane Plateau",2016-07-05,2016-07-06,2016-08-08,2016,131,181,230,49.9,NA,NA,NA,NA,NA,NA,34.5,8.4,5453530,"Kluane",2016,NA,NA,205.5,"KP16SR2"
"184","KP16SR4","KP16SR4","Kluane Plateau",2016-07-05,2016-07-06,2016-08-09,2016,81,44,52,25.7,NA,NA,NA,NA,NA,NA,40.6,12.1,185328,"Kluane",2016,NA,NA,48,"KP16SR4"
"185","KP16SR5","KP16SR5","Kluane Plateau",2016-07-05,2016-07-06,2016-08-08,2016,157,329,323,57.3,NA,NA,NA,NA,NA,NA,36.4,10.2,16683919,"Kluane",2016,NA,NA,326,"KP16SR5"
"186","KP16SR7","KP16SR7","Kluane Plateau",2016-07-05,2016-07-06,2016-08-08,2016,54,102,139,18.1,NA,NA,NA,NA,NA,NA,29.9,10.8,765612,"Kluane",2016,NA,NA,120.5,"KP16SR7"
"187","KP16SR8","KP16SR8","Kluane Plateau",2016-07-05,2016-07-06,2016-08-08,2016,58,131,81,29.4,NA,NA,NA,NA,NA,NA,35.7,12.4,615438,"Kluane",2016,NA,NA,106,"KP16SR8"
"188","KP16SR9","KP16SR9","Kluane Plateau",2016-07-05,2016-07-06,2016-08-08,2016,86,104,71,25.6,NA,NA,NA,NA,NA,NA,33.8,7.5,635024,"Kluane",2016,NA,NA,87.5,"KP16SR9"
"189","KP16SR10","KP16SR10","Kluane Plateau",2016-07-05,2016-07-06,2016-08-08,2016,88,68,72,24.6,NA,NA,NA,NA,NA,NA,37.2,10.3,430848,"Kluane",2016,NA,NA,70,"KP16SR10"
"190","KP16SR11","KP16SR11","Kluane Plateau",2016-07-05,2016-07-06,2016-08-08,2016,90,173,205,35.6,NA,NA,NA,NA,NA,NA,26,12,3191850,"Kluane",2016,NA,NA,189,"KP16SR11"
"191","KP16SR12","KP16SR12","Kluane Plateau",2016-07-05,2016-07-06,2016-08-08,2016,132,173,201,29.7,NA,NA,NA,NA,NA,NA,35.7,8.1,4590036,"Kluane",2016,NA,NA,187,"KP16SR12"
"192","KP16SR13","KP16SR13","Kluane Plateau",2016-07-05,2016-07-06,2016-08-08,2016,106,323,199,35.4,NA,NA,NA,NA,NA,NA,30.1,12.9,6813362,"Kluane",2016,NA,NA,261,"KP16SR13"
"193","KP16SR14","KP16SR14","Kluane Plateau",2016-07-05,2016-07-06,2016-08-08,2016,130,221,193,41.4,NA,NA,NA,NA,NA,NA,40.3,10.3,5544890,"Kluane",2016,NA,NA,207,"KP16SR14"
"194","KP16SR15","KP16SR15","Kluane Plateau",2016-07-05,2016-07-06,2016-08-08,2016,64,100,83,26.2,NA,NA,NA,NA,NA,NA,32.1,10,531200,"Kluane",2016,NA,NA,91.5,"KP16SR15"
"195","KP16SR17","KP16SR17","Kluane Plateau",2016-07-05,2016-07-06,2016-08-08,2016,42,62,47,128,NA,NA,NA,NA,NA,NA,33.7,9.2,122388,"Kluane",2016,NA,NA,54.5,"KP16SR17"
"196","KP16SR18","KP16SR18","Kluane Plateau",2016-07-05,2016-07-06,2016-08-08,2016,16,311,262,43.3,NA,NA,NA,NA,NA,NA,39.2,9.7,1303712,"Kluane",2016,NA,NA,286.5,"KP16SR18"
"197","KP16SR19","KP16SR19","Kluane Plateau",2016-07-05,2016-07-06,2016-08-08,2016,81,191,180,31.7,NA,NA,NA,NA,NA,NA,31.7,10.3,2784780,"Kluane",2016,NA,NA,185.5,"KP16SR19"
"198","KP16SR20","KP16SR20","Kluane Plateau",2016-07-05,2016-07-06,2016-08-08,2016,112,326,295,50,NA,NA,NA,NA,NA,NA,26.6,9.5,10771040,"Kluane",2016,NA,NA,310.5,"KP16SR20"
"199","KP16SR21","KP16Sr21","Kluane Plateau",2016-07-05,NA,2016-07-06,2016,91,321,307,36.8,NA,NA,NA,NA,NA,NA,36.2,8.5,8967777,"Kluane",2016,NA,NA,314,"KP16SR21"
"200","KP16SR22","KP16Sr22","Kluane Plateau",2016-07-05,NA,2016-07-06,2016,94,152,149,31.4,NA,NA,NA,NA,NA,NA,38.1,12.4,2128912,"Kluane",2016,NA,NA,150.5,"KP16SR22"
"201","KP16SR23","KP16Sr23","Kluane Plateau",2016-07-05,NA,2016-07-06,2016,104,241,248,36.6,NA,NA,NA,NA,NA,NA,37.2,10.2,6215872,"Kluane",2016,NA,NA,244.5,"KP16SR23"
"202","KP16SR24","KP16Sr24","Kluane Plateau",2016-07-05,NA,2016-07-06,2016,98,300,278,48.4,NA,NA,NA,NA,NA,NA,32.4,10.7,8173200,"Kluane",2016,NA,NA,289,"KP16SR24"
"203","KP16SR25","KP16Sr25","Kluane Plateau",2016-07-05,NA,2016-07-06,2016,43,107,101,8,NA,NA,NA,NA,NA,NA,26.1,10.5,464701,"Kluane",2016,NA,NA,104,"KP16SR25"
"204","KP16SR26","KP16Sr26","Kluane Plateau",2016-07-05,NA,2016-07-06,2016,87,124,130,40,NA,NA,NA,NA,NA,NA,42.4,16,1402440,"Kluane",2016,NA,NA,127,"KP16SR26"
"205","KP16SR27","KP16Sr27","Kluane Plateau",2016-07-05,NA,2016-07-06,2016,102,168,125,20,NA,NA,NA,NA,NA,NA,41.7,16.6,2142000,"Kluane",2016,NA,NA,146.5,"KP16SR27"
"206","KP16SR28","KP16Sr28","Kluane Plateau",2016-07-05,NA,2016-07-06,2016,74,101,93,26,NA,NA,NA,NA,NA,NA,36.9,15.9,695082,"Kluane",2016,NA,NA,97,"KP16SR28"
"207","KP16SR29","KP16Sr29","Kluane Plateau",2016-07-05,NA,2016-07-06,2016,86,167,137,39,NA,NA,NA,NA,NA,NA,32.9,14.1,1967594,"Kluane",2016,NA,NA,152,"KP16SR29"
"208","KP16SR30","KP16Sr30","Kluane Plateau",2016-07-05,NA,2016-07-06,2016,95,188,98,39,NA,NA,NA,NA,NA,NA,36.5,15.7,1750280,"Kluane",2016,NA,NA,143,"KP16SR30"
"209","KP16SR31","KP16Sr31","Kluane Plateau",2016-07-05,NA,2016-07-06,2016,106,208,221,35,NA,NA,NA,NA,NA,NA,37,18.4,4872608,"Kluane",2016,NA,NA,214.5,"KP16SR31"
"210","KP16SR32","KP16Sr32","Kluane Plateau",2016-07-05,NA,2016-07-06,2016,97,222,247,27,NA,NA,NA,NA,NA,NA,44.8,21.4,5318898,"Kluane",2016,NA,NA,234.5,"KP16SR32"
"211","KP16SR33","KP16Sr33","Kluane Plateau",2016-07-05,NA,2016-07-06,2016,78,179,152,47,NA,NA,NA,NA,NA,NA,43.4,20.7,2122224,"Kluane",2016,NA,NA,165.5,"KP16SR33"
"212","KP16SR34","KP16Sr34","Kluane Plateau",2016-07-05,NA,2016-07-06,2016,71,158,122,21,NA,NA,NA,NA,NA,NA,33.9,15.6,1368596,"Kluane",2016,NA,NA,140,"KP16SR34"
"213","KP16SR35","KP16Sr35","Kluane Plateau",2016-07-05,NA,2016-07-06,2016,72,170,160,45,NA,NA,NA,NA,NA,NA,38,19.6,1958400,"Kluane",2016,NA,NA,165,"KP16SR35"
"214","KP16SR36","KP16Sr36","Kluane Plateau",2016-07-05,NA,2016-07-07,2016,83,130,77,32,NA,NA,NA,NA,NA,NA,37.1,17.4,830830,"Kluane",2016,NA,NA,103.5,"KP16SR36"
"215","KP16SR37","KP16Sr37","Kluane Plateau",2016-07-05,NA,2016-07-07,2016,127,157,101,33,NA,NA,NA,NA,NA,NA,49.3,15.1,2013839,"Kluane",2016,NA,NA,129,"KP16SR37"
"216","KP16SR38","KP16Sr38","Kluane Plateau",2016-07-05,NA,2016-07-07,2016,86,191,173,31,NA,NA,NA,NA,NA,NA,29,17.5,2841698,"Kluane",2016,NA,NA,182,"KP16SR38"
"217","KP16SR39","KP16Sr39","Kluane Plateau",2016-07-05,NA,2016-07-07,2016,86,175,119,30,NA,NA,NA,NA,NA,NA,34.2,17.6,1790950,"Kluane",2016,NA,NA,147,"KP16SR39"
"218","KP16SP1","KP16SP1","Kluane Plateau",2016-07-05,2016-07-06,2016-08-08,2016,181,366,405,45.5,NA,NA,NA,NA,NA,NA,36.1,11.1,26829630,"Kluane",2016,NA,NA,385.5,"KP16SP1"
"219","KP16SP2","KP16SP2","Kluane Plateau",2016-07-05,2016-07-06,2016-08-08,2016,83,170,115,27.6,NA,NA,NA,NA,NA,NA,34.3,11,1622650,"Kluane",2016,NA,NA,142.5,"KP16SP2"
"220","KP16SP5","KP16SP5","Kluane Plateau",2016-07-05,2016-07-06,2016-08-08,2016,133,224,192,30.4,NA,NA,NA,NA,NA,NA,28,7.6,5720064,"Kluane",2016,NA,NA,208,"KP16SP5"
"221","KP16SP7","KP16SP7","Kluane Plateau",2016-07-05,2016-07-06,2016-08-08,2016,107,266,158,31.8,NA,NA,NA,NA,NA,NA,33,8.5,4496996,"Kluane",2016,NA,NA,212,"KP16SP7"
"222","KP16SP8","KP16SP8","Kluane Plateau",2016-07-05,2016-07-06,2016-08-08,2016,104,323,144,27,NA,NA,NA,NA,NA,NA,44.3,9.1,4837248,"Kluane",2016,NA,NA,233.5,"KP16SP8"
"223","KP16SP10","KP16SP10","Kluane Plateau",2016-07-05,2016-07-06,2016-08-08,2016,129,166,178,46.1,NA,NA,NA,NA,NA,NA,34.2,9.9,3811692,"Kluane",2016,NA,NA,172,"KP16SP10"
"224","KP16SP11","KP16SP11","Kluane Plateau",2016-07-05,2016-07-06,2016-08-08,2016,209,577,727,92,NA,NA,NA,NA,NA,NA,34.3,9.1,87671111,"Kluane",2016,NA,NA,652,"KP16SP11"
"225","KP16SP12","KP16SP12","Kluane Plateau",2016-07-05,2016-07-06,2016-08-08,2016,147,214,206,48.8,NA,NA,NA,NA,NA,NA,25.8,7.4,6480348,"Kluane",2016,NA,NA,210,"KP16SP12"
"226","KP16SP13","KP16SP13","Kluane Plateau",2016-07-05,2016-07-06,2016-08-08,2016,131,356,367,36.1,NA,NA,NA,NA,NA,NA,25,9.3,17115412,"Kluane",2016,NA,NA,361.5,"KP16SP13"
"227","KP16SP14","KP16SP14","Kluane Plateau",2016-07-05,2016-07-06,2016-08-08,2016,73,218,238,28.1,NA,NA,NA,NA,NA,NA,40.1,9.3,3787532,"Kluane",2016,NA,NA,228,"KP16SP14"
"228","KP16SP15","KP16SP15","Kluane Plateau",2016-07-05,2016-07-06,2016-08-08,2016,152,390,303,41.8,NA,NA,NA,NA,NA,NA,43.3,10.1,17961840,"Kluane",2016,NA,NA,346.5,"KP16SP15"
"229","KP16SP16","KP16SP16","Kluane Plateau",2016-07-05,2016-07-06,2016-08-08,2016,113,269,166,25.1,NA,NA,NA,NA,NA,NA,35.9,10.5,5045902,"Kluane",2016,NA,NA,217.5,"KP16SP16"
"230","KP16SP17","KP16SP17","Kluane Plateau",2016-07-05,2016-07-06,2016-08-08,2016,173,257,330,43.7,NA,NA,NA,NA,NA,NA,36,8.3,14672130,"Kluane",2016,NA,NA,293.5,"KP16SP17"
"231","KP16SP18","KP16SP18","Kluane Plateau",2016-07-05,2016-07-06,2016-08-08,2016,82,195,173,18.3,NA,NA,NA,NA,NA,NA,32.5,8.9,2766270,"Kluane",2016,NA,NA,184,"KP16SP18"
"232","KP16SP19","KP16SP19","Kluane Plateau",2016-07-05,2016-07-06,2016-08-08,2016,126,232,199,33.5,NA,NA,NA,NA,NA,NA,33.2,11.1,5817168,"Kluane",2016,NA,NA,215.5,"KP16SP19"
"233","KP16SP20","KP16SP20","Kluane Plateau",2016-07-05,2016-07-06,2016-08-08,2016,92,245,174,21.1,NA,NA,NA,NA,NA,NA,35.7,10.7,3921960,"Kluane",2016,NA,NA,209.5,"KP16SP20"
"234","KP16SP21","KP16Sp21","Kluane Plateau",2016-07-05,NA,2016-07-09,2016,80,172,188,27.6,NA,NA,NA,NA,NA,NA,40.3,7.7,2586880,"Kluane",2016,NA,NA,180,"KP16SP21"
"235","KP16SP22","KP16Sp22","Kluane Plateau",2016-07-05,NA,2016-07-09,2016,85,178,168,24,NA,NA,NA,NA,NA,NA,35.2,9.2,2541840,"Kluane",2016,NA,NA,173,"KP16SP22"
"236","KP16SP23","KP16Sp23","Kluane Plateau",2016-07-05,NA,2016-07-09,2016,98,261,274,40.4,NA,NA,NA,NA,NA,NA,34.4,10.5,7008372,"Kluane",2016,NA,NA,267.5,"KP16SP23"
"237","KP16SP24","KP16Sp24","Kluane Plateau",2016-07-05,NA,2016-07-09,2016,111,352,354,46.9,NA,NA,NA,NA,NA,NA,28.8,11.1,13831488,"Kluane",2016,NA,NA,353,"KP16SP24"
"238","KP16SP25","KP16Sp25","Kluane Plateau",2016-07-05,NA,2016-07-09,2016,98,328,292,78.2,NA,NA,NA,NA,NA,NA,32.1,11.3,9386048,"Kluane",2016,NA,NA,310,"KP16SP25"
"239","KP16SP27","KP16Sp27","Kluane Plateau",2016-07-05,NA,2016-07-09,2016,71,166,155,31.9,NA,NA,NA,NA,NA,NA,22.1,6.3,1826830,"Kluane",2016,NA,NA,160.5,"KP16SP27"
"240","KP16SP28","KP16Sp28","Kluane Plateau",2016-07-05,NA,2016-07-09,2016,72,370,306,30.2,NA,NA,NA,NA,NA,NA,26.6,9.4,8151840,"Kluane",2016,NA,NA,338,"KP16SP28"
"241","KP16SP29","KP16Sp29","Kluane Plateau",2016-07-05,NA,2016-07-09,2016,90,189,79,24.6,NA,NA,NA,NA,NA,NA,29.5,14.7,1343790,"Kluane",2016,NA,NA,134,"KP16SP29"
"242","KP16SP31","KP16Sp31","Kluane Plateau",2016-07-08,NA,2016-07-09,2016,66,300,246,19,NA,NA,NA,NA,NA,NA,32.4,12.6,4870800,"Kluane",2016,NA,NA,273,"KP16SP31"
"243","KP16SP32","KP16Sp32","Kluane Plateau",2016-07-08,NA,2016-07-09,2016,55,121,146,34,NA,NA,NA,NA,NA,NA,33.6,24.1,971630,"Kluane",2016,NA,NA,133.5,"KP16SP32"
"244","KP16SP33","KP16Sp33","Kluane Plateau",2016-07-08,NA,2016-07-09,2016,91,158,85,25,NA,NA,NA,NA,NA,NA,45.4,16.6,1222130,"Kluane",2016,NA,NA,121.5,"KP16SP33"
"245","KP16SP34","KP16Sp34","Kluane Plateau",2016-07-08,NA,2016-07-09,2016,75,125,94,15,NA,NA,NA,NA,NA,NA,42.6,13.9,881250,"Kluane",2016,NA,NA,109.5,"KP16SP34"
"246","KP16SP35","KP16Sp35","Kluane Plateau",2016-07-08,NA,2016-07-09,2016,60,170,182,31,NA,NA,NA,NA,NA,NA,36.2,14,1856400,"Kluane",2016,NA,NA,176,"KP16SP35"
"247","KP16SP37","KP16Sp37","Kluane Plateau",2016-07-08,NA,2016-07-09,2016,51,111,102,2.6,NA,NA,NA,NA,NA,NA,30,13.7,577422,"Kluane",2016,NA,NA,106.5,"KP16SP37"
"248","KP16SP38","KP16Sp38","Kluane Plateau",2016-07-08,NA,2016-07-09,2016,71,121,110,35,NA,NA,NA,NA,NA,NA,34.7,9.6,945010,"Kluane",2016,NA,NA,115.5,"KP16SP38"
"249","KP16SP40","KP16Sp40","Kluane Plateau",2016-07-08,NA,2016-07-09,2016,92,367,298,38,NA,NA,NA,NA,NA,NA,27.8,6.7,10061672,"Kluane",2016,NA,NA,332.5,"KP16SP40"
"250","KP16SA1","KP16Sa1","Kluane Plateau",2016-07-08,NA,2016-07-09,2016,4,37,25,4,NA,NA,NA,NA,NA,NA,13.6,4.7,3700,"Kluane",2016,NA,NA,31,"KP16SA1"
"251","KP16SA2","KP16Sa2","Kluane Plateau",2016-07-08,NA,2016-07-09,2016,7,122,68,7,NA,NA,NA,NA,NA,NA,26.1,9.1,58072,"Kluane",2016,NA,NA,95,"KP16SA2"
"252","KP16SA3","KP16Sa3","Kluane Plateau",2016-07-08,NA,2016-07-09,2016,5,50,43,5,NA,NA,NA,NA,NA,NA,5.3,7.2,10750,"Kluane",2016,NA,NA,46.5,"KP16SA3"
"253","KP16SA4","KP16Sa4","Kluane Plateau",2016-07-08,NA,2016-07-09,2016,6.5,54,32,8,NA,NA,NA,NA,NA,NA,21.4,8,11232,"Kluane",2016,NA,NA,43,"KP16SA4"
"254","KP16SA5","KP16Sa5","Kluane Plateau",2016-07-08,NA,2016-07-09,2016,6,45,61,7,NA,NA,NA,NA,NA,NA,11.5,8.1,16470,"Kluane",2016,NA,NA,53,"KP16SA5"
"255","KP16SA6","KP16Sa6","Kluane Plateau",2016-07-08,NA,2016-07-09,2016,5,55,40,7,NA,NA,NA,NA,NA,NA,19.9,7.8,11000,"Kluane",2016,NA,NA,47.5,"KP16SA6"
"256","KP16SA7","KP16Sa7","Kluane Plateau",2016-07-08,NA,2016-07-09,2016,4,155,32,5,NA,NA,NA,NA,NA,NA,14.2,4.9,19840,"Kluane",2016,NA,NA,93.5,"KP16SA7"
"257","KP16SA8","KP16Sa8","Kluane Plateau",2016-07-08,NA,2016-07-09,2016,6,57,50,6,NA,NA,NA,NA,NA,NA,15.9,8.3,17100,"Kluane",2016,NA,NA,53.5,"KP16SA8"
"258","KP16SA9","KP16Sa9","Kluane Plateau",2016-07-08,NA,2016-07-09,2016,5,55,37,10,NA,NA,NA,NA,NA,NA,19.1,9.5,10175,"Kluane",2016,NA,NA,46,"KP16SA9"
"259","KP16SA10","KP16Sa10","Kluane Plateau",2016-07-08,NA,2016-07-09,2016,7,66,57,20,NA,NA,NA,NA,NA,NA,17.8,10.3,26334,"Kluane",2016,NA,NA,61.5,"KP16SA10"
"260","KP16SA11","KP16Sa11","Kluane Plateau",2016-07-08,2016-07-08,2016-08-08,2016,6,62,41,8,NA,NA,NA,NA,NA,NA,20.1,7.5,15252,"Kluane",2016,NA,NA,51.5,"KP16SA11"
"261","KP16SA13","KP16Sa13","Kluane Plateau",2016-07-08,2016-07-08,2016-08-08,2016,4.5,50,23,13,NA,NA,NA,NA,NA,NA,13.1,9.8,5175,"Kluane",2016,NA,NA,36.5,"KP16SA13"
"262","KP16SA14","KP16Sa14","Kluane Plateau",2016-07-08,2016-07-08,2016-08-08,2016,7,41,35,9,NA,NA,NA,NA,NA,NA,17.2,9.7,10045,"Kluane",2016,NA,NA,38,"KP16SA14"
"263","KP16SA15","KP16Sa15","Kluane Plateau",2016-07-08,2016-07-08,2016-08-08,2016,4.5,53,40,8,NA,NA,NA,NA,NA,NA,16.9,7.4,9540,"Kluane",2016,NA,NA,46.5,"KP16SA15"
"264","KP16SA16","KP16Sa16","Kluane Plateau",2016-07-08,2016-07-08,2016-08-08,2016,5,68,25,6,NA,NA,NA,NA,NA,NA,13,6.9,8500,"Kluane",2016,NA,NA,46.5,"KP16SA16"
"265","KP16SA18","KP16Sa18","Kluane Plateau",2016-07-08,2016-07-08,2016-08-08,2016,6,7.2,42,6,NA,NA,NA,NA,NA,NA,15.4,6.5,1814.4,"Kluane",2016,NA,NA,24.6,"KP16SA18"
"266","KP16SA19","KP16Sa19","Kluane Plateau",2016-07-08,2016-07-08,2016-08-08,2016,6,64,53,6,NA,NA,NA,NA,NA,NA,17.5,6.7,20352,"Kluane",2016,NA,NA,58.5,"KP16SA19"
"270","HE16SP1","HE16SP1","Qikiqtaruk",2016-07-11,2016-07-11,2016-08-06,2016,23,39,27,9,NA,NA,NA,NA,NA,NA,43,NA,24219,"Qikiqtaruk",2016,NA,NA,33,"HE16SP1"
"271","HE16SP2","HE16SP2","Qikiqtaruk",2016-07-11,2016-07-11,2016-08-06,2016,26,39,27,9,NA,NA,NA,NA,NA,NA,37,NA,27378,"Qikiqtaruk",2016,NA,NA,33,"HE16SP2"
"272","HE16SP3","HE16SP3","Qikiqtaruk",2016-07-11,2016-07-11,2016-08-06,2016,24,36,26,10,NA,NA,NA,NA,NA,NA,49,NA,22464,"Qikiqtaruk",2016,NA,NA,31,"HE16SP3"
"273","HE16SP4","HE16SP4","Qikiqtaruk",2016-07-11,2016-07-11,2016-08-06,2016,35,43,47,10,NA,NA,NA,NA,NA,NA,51,NA,70735,"Qikiqtaruk",2016,NA,NA,45,"HE16SP4"
"274","HE16SP5","HE16SP5","Qikiqtaruk",2016-07-11,2016-07-11,2016-08-06,2016,29,55,51,9,NA,NA,NA,NA,NA,NA,62,NA,81345,"Qikiqtaruk",2016,NA,NA,53,"HE16SP5"
"275","HE16SP6","HE16SP6","Qikiqtaruk",2016-07-11,2016-07-11,2016-08-06,2016,71,496,404,23,NA,NA,NA,NA,NA,NA,57,NA,14227264,"Qikiqtaruk",2016,NA,NA,450,"HE16SP6"
"276","HE16SP7","HE16SP7","Qikiqtaruk",2016-07-11,2016-07-11,2016-08-06,2016,55,NA,NA,21,NA,NA,NA,NA,NA,NA,50,NA,NA,"Qikiqtaruk",2016,NA,NA,NA,"HE16SP7"
"277","HE16SP8","HE16SP8","Qikiqtaruk",2016-07-11,2016-07-11,2016-08-06,2016,34,184,170,9,NA,NA,NA,NA,NA,NA,31,NA,1063520,"Qikiqtaruk",2016,NA,NA,177,"HE16SP8"
"278","HE16SP9","HE16SP9","Qikiqtaruk",2016-07-11,2016-07-11,2016-08-06,2016,53,222,170,11,NA,NA,NA,NA,NA,NA,41,NA,2000220,"Qikiqtaruk",2016,NA,NA,196,"HE16SP9"
"279","HE16SP10","HE16SP10","Qikiqtaruk",2016-07-11,2016-07-11,2016-08-06,2016,40,232,227,25,NA,NA,NA,NA,NA,NA,59,NA,2106560,"Qikiqtaruk",2016,NA,NA,229.5,"HE16SP10"
"280","HE16SP12","HE16SP12","Qikiqtaruk",2016-07-23,2016-07-24,2016-08-06,2016,17,40,47,7,38,42,NA,40,38,NA,18.3,4.6,31960,"Qikiqtaruk",2016,NA,NA,43.5,"HE16SP12"
"281","HE16SP13","HE16SP13","Qikiqtaruk",2016-07-23,2016-07-24,2016-08-06,2016,23,100,59,7,36,50,NA,30,21,NA,25.1,7.1,135700,"Qikiqtaruk",2016,NA,NA,79.5,"HE16SP13"
"282","HE16SP15","HE16SP15","Qikiqtaruk",2016-07-23,2016-07-24,2016-08-06,2016,19,111,72,7,43,41,NA,35,15,NA,19.9,6.6,151848,"Qikiqtaruk",2016,NA,NA,91.5,"HE16SP15"
"283","HE16SP16","HE16SP16","Qikiqtaruk",2016-07-23,2016-07-24,2016-08-06,2016,21,194,153,10.5,42,41,NA,54,53,NA,31.5,9,623322,"Qikiqtaruk",2016,NA,NA,173.5,"HE16SP16"
"284","HE16SP17","HE16SP17","Qikiqtaruk",2016-07-23,2016-07-24,2016-08-06,2016,28.5,188,155,7.3,33,33,NA,40,42,NA,30.4,7.4,830490,"Qikiqtaruk",2016,NA,NA,171.5,"HE16SP17"
"285","HE16SP18","HE16SP18","Qikiqtaruk",2016-07-23,2016-07-24,2016-08-06,2016,39,281,175,10.9,47,48,NA,49,76,NA,35,8.6,1917825,"Qikiqtaruk",2016,NA,NA,228,"HE16SP18"
"286","HE16SP19","HE16SP19","Qikiqtaruk",2016-07-23,2016-07-24,2016-08-06,2016,13,59,46,10.6,57,49,NA,105,57,NA,31.4,7.1,35282,"Qikiqtaruk",2016,NA,NA,52.5,"HE16SP19"
"287","HE16SP20","HE16SP20","Qikiqtaruk",2016-07-23,2016-07-24,2016-08-06,2016,26.5,230,130,7.9,46,46,NA,22,26,NA,38.2,5.9,792350,"Qikiqtaruk",2016,NA,NA,180,"HE16SP20"
"288","HE16SA1","HE16Sa1","Qikiqtaruk",2016-07-23,2016-07-24,2016-08-06,2016,25,NA,NA,8,NA,NA,NA,NA,NA,NA,31.6,5.7,NA,"Qikiqtaruk",2016,NA,NA,NA,"HE16SA1"
"289","HE16SA2","HE16Sa2","Qikiqtaruk",2016-07-23,2016-07-24,2016-08-06,2016,6,NA,NA,18,NA,NA,NA,NA,NA,NA,15.3,9.7,NA,"Qikiqtaruk",2016,NA,NA,NA,"HE16SA2"
"290","HE16SA3","HE16Sa3","Qikiqtaruk",2016-07-23,2016-07-24,2016-08-06,2016,8,172,83,10,NA,NA,NA,NA,NA,NA,18.1,7,114208,"Qikiqtaruk",2016,NA,NA,127.5,"HE16SA3"
"291","HE16SA5","HE16Sa5","Qikiqtaruk",2016-07-23,2016-07-24,2016-08-06,2016,10,235,143,6.9,NA,NA,NA,NA,NA,NA,26.9,6.9,336050,"Qikiqtaruk",2016,NA,NA,189,"HE16SA5"
"292","HE16SR11","HE16Sr11","Qikiqtaruk",2016-07-23,2016-07-24,2016-08-09,2016,124,NA,764,31.8,61,61,NA,121,100,NA,34,11,NA,"Qikiqtaruk",2016,NA,NA,NA,"HE16SR11"
"293","HE16SR12","HE16Sr12","Qikiqtaruk",2016-07-23,2016-07-24,2016-08-09,2016,68,427,237,24,47,43,NA,105,50,NA,39.2,8.8,6881532,"Qikiqtaruk",2016,NA,NA,332,"HE16SR12"
"294","HE16SR13","HE16Sr13","Qikiqtaruk",2016-07-23,2016-07-24,2016-08-09,2016,70,491,284,27,45,54,NA,60,71,NA,28.7,9.3,9761080,"Qikiqtaruk",2016,NA,NA,387.5,"HE16SR13"
"295","HE16SR14","HE16Sr14","Qikiqtaruk",2016-07-23,2016-07-24,2016-08-09,2016,34,206,147,16,44,40,NA,30,24,NA,28.2,8.7,1029588,"Qikiqtaruk",2016,NA,NA,176.5,"HE16SR14"
"296","HE16SR15","HE16Sr15","Qikiqtaruk",2016-07-23,2016-07-24,2016-08-09,2016,38,232,150,18,40,35,NA,24,25,NA,32.1,10.2,1322400,"Qikiqtaruk",2016,NA,NA,191,"HE16SR15"
"297","HE16SR16","HE16SR16","Qikiqtaruk",2016-07-23,2016-07-24,2016-08-09,2016,67,331,220,33,47,46,NA,95,48,NA,31.2,11.2,4878940,"Qikiqtaruk",2016,NA,NA,275.5,"HE16SR16"
"298","HE16SR17","HE16SR17","Qikiqtaruk",2016-07-23,2016-07-24,2016-08-09,2016,65,229,221,26.6,104,89,NA,65,63,NA,36.5,10.9,3289585,"Qikiqtaruk",2016,NA,NA,225,"HE16SR17"
"299","HE16SR18","HE16SR18","Qikiqtaruk",2016-07-23,2016-07-24,2016-08-09,2016,59,183,155,20.3,82,81,NA,270,277,NA,36.7,9.6,1673535,"Qikiqtaruk",2016,NA,NA,169,"HE16SR18"
"300","HE16SR19","HE16SR19","Qikiqtaruk",2016-07-23,2016-07-24,2016-08-09,2016,62,403,624,21.7,58,62,NA,172,151,NA,33.6,10,15591264,"Qikiqtaruk",2016,NA,NA,513.5,"HE16SR19"
"301","HE16SR20","HE16SR20","Qikiqtaruk",2016-07-23,2016-07-24,2016-08-09,2016,33,132,188,9,50,48,NA,61,67,NA,38,7.1,818928,"Qikiqtaruk",2016,NA,NA,160,"HE16SR20"
"302","HE16SA6","HE16SA6","Qikiqtaruk",2016-07-23,2016-07-24,2016-08-06,2016,8,60,19,8,NA,NA,NA,NA,NA,NA,20.2,7.7,9120,"Qikiqtaruk",2016,NA,NA,39.5,"HE16SA6"
"303","HE16SA7","HE16SA7","Qikiqtaruk",2016-07-23,2016-07-24,2016-08-06,2016,11,56,27,6,NA,NA,NA,NA,NA,NA,27.6,6.1,16632,"Qikiqtaruk",2016,NA,NA,41.5,"HE16SA7"
"304","HE16SA9","HE16SA9","Qikiqtaruk",2016-07-23,2016-07-24,2016-08-06,2016,7,127,88,8.6,NA,NA,NA,NA,NA,NA,30.2,8.3,78232,"Qikiqtaruk",2016,NA,NA,107.5,"HE16SA9"
"305","HE16SA10","HE16SA10","Qikiqtaruk",2016-07-23,2016-07-24,2016-08-06,2016,6,40,66,23.6,NA,NA,NA,NA,NA,NA,20.8,6.2,15840,"Qikiqtaruk",2016,NA,NA,53,"HE16SA10"
"306","HE16SP21","HE16SP21","Qikiqtaruk",2016-07-24,2016-07-25,2016-08-06,2016,39,217,277,16.9,48,52,NA,124,49,NA,45.2,11.9,2344251,"Qikiqtaruk",2016,NA,NA,247,"HE16SP21"
"307","HE16SP23","HE16SP23","Qikiqtaruk",2016-07-24,2016-07-25,2016-08-06,2016,55,1005,462,12,50,48,NA,112,103,NA,46.4,9.3,25537050,"Qikiqtaruk",2016,NA,NA,733.5,"HE16SP23"
"308","HE16SP24","HE16SP24","Qikiqtaruk",2016-07-24,2016-07-25,2016-08-06,2016,77,515,306,15.6,62,46,NA,205,66,NA,44.9,8.8,12134430,"Qikiqtaruk",2016,NA,NA,410.5,"HE16SP24"
"309","HE16SP25","HE16SP25","Qikiqtaruk",2016-07-24,2016-07-25,2016-08-06,2016,83,238,283,14.9,53,51,NA,81,137,NA,47.2,13.6,5590382,"Qikiqtaruk",2016,NA,NA,260.5,"HE16SP25"
"310","HE16SP26","HE16SP26","Qikiqtaruk",2016-07-24,2016-07-25,2016-08-06,2016,91,367,568,12.7,66,67,NA,109,88,NA,35.2,9.8,18969496,"Qikiqtaruk",2016,NA,NA,467.5,"HE16SP26"
"311","HE16SP27","HE16SP27","Qikiqtaruk",2016-07-24,2016-07-25,2016-08-06,2016,39,141,89,12.9,40,42,NA,31,38,NA,36,11.5,489411,"Qikiqtaruk",2016,NA,NA,115,"HE16SP27"
"312","HE16SP28","HE16SP28","Qikiqtaruk",2016-07-24,2016-07-25,2016-08-06,2016,35,NA,NA,8.1,54,49,NA,79,38,NA,20.5,8.8,NA,"Qikiqtaruk",2016,NA,NA,NA,"HE16SP28"
"313","HE16SP29","HE16SP29","Qikiqtaruk",2016-07-24,2016-07-25,2016-08-06,2016,53,652,426,13,51,55,NA,166,156,NA,44.5,12.1,14720856,"Qikiqtaruk",2016,NA,NA,539,"HE16SP29"
"314","HE16SP30","HE16SP30","Qikiqtaruk",2016-07-24,2016-07-25,2016-08-06,2016,52,428,402,15.6,97,76,NA,181,260,NA,46.5,12.9,8946912,"Qikiqtaruk",2016,NA,NA,415,"HE16SP30"
"315","HE16SR21","HE16SR21","Qikiqtaruk",2016-07-24,2016-07-25,2016-08-06,2016,69,115,95,20,NA,NA,NA,NA,NA,NA,35.6,8.5,753825,"Qikiqtaruk",2016,NA,NA,105,"HE16SR21"
"316","HE16SR22","HE16SR22","Qikiqtaruk",2016-07-24,2016-07-25,2016-08-06,2016,77,120,109,15,NA,NA,NA,NA,NA,NA,34.7,10.1,1007160,"Qikiqtaruk",2016,NA,NA,114.5,"HE16SR22"
"317","HE16SR23","HE16SR23","Qikiqtaruk",2016-07-24,2016-07-25,2016-08-06,2016,62,157,128,24,NA,NA,NA,NA,NA,NA,39.1,8.5,1245952,"Qikiqtaruk",2016,NA,NA,142.5,"HE16SR23"
"318","HE16SR25","HE16SR25","Qikiqtaruk",2016-07-24,2016-07-25,2016-08-06,2016,29,68,80,25,NA,NA,NA,NA,NA,NA,22.5,7.4,157760,"Qikiqtaruk",2016,NA,NA,74,"HE16SR25"
"319","HE16SR26","HE16Sr26","Qikiqtaruk",2016-07-24,2016-07-25,2016-08-06,2016,35,110,40,10,NA,NA,NA,NA,NA,NA,25.2,8.8,154000,"Qikiqtaruk",2016,NA,NA,75,"HE16SR26"
"320","HE16SR27","HE16Sr27","Qikiqtaruk",2016-07-24,2016-07-25,2016-08-06,2016,25,127,161,15,NA,NA,NA,NA,NA,NA,30.4,8.2,511175,"Qikiqtaruk",2016,NA,NA,144,"HE16SR27"
"321","HE16SR28","HE16Sr28","Qikiqtaruk",2016-07-24,2016-07-25,2016-08-06,2016,30,106,82,19,NA,NA,NA,NA,NA,NA,24,8,260760,"Qikiqtaruk",2016,NA,NA,94,"HE16SR28"
"322","HE16SR29","HE16Sr29","Qikiqtaruk",2016-07-24,2016-07-25,2016-08-06,2016,38,126,95,19,NA,NA,NA,NA,NA,NA,30.5,9.5,454860,"Qikiqtaruk",2016,NA,NA,110.5,"HE16SR29"
"323","HE16SA11","HE16SA11","Qikiqtaruk",2016-07-24,2016-07-25,2016-08-06,2016,8,44,29,9,NA,NA,NA,NA,NA,NA,28,8.4,10208,"Qikiqtaruk",2016,NA,NA,36.5,"HE16SA11"
"324","HE16SA12","HE16SA12","Qikiqtaruk",2016-07-24,2016-07-25,2016-08-06,2016,12,54,44,7,NA,NA,NA,NA,NA,NA,15.6,7.7,28512,"Qikiqtaruk",2016,NA,NA,49,"HE16SA12"
"325","HE16SA13","HE16SA13","Qikiqtaruk",2016-07-24,2016-07-25,2016-08-06,2016,8.5,44,69,5,NA,NA,NA,NA,NA,NA,24,3.5,25806,"Qikiqtaruk",2016,NA,NA,56.5,"HE16SA13"
"326","HE16SA14","HE16SA14","Qikiqtaruk",2016-07-24,2016-07-25,2016-08-06,2016,12,39,35,5.1,NA,NA,NA,NA,NA,NA,19.1,5.7,16380,"Qikiqtaruk",2016,NA,NA,37,"HE16SA14"
"327","KP16SP41","KP16SP41","Kluane Plateau",2016-08-07,NA,2016-08-08,2016,106,179,73,34,74,81,NA,151,145,NA,50.8,7.6,1385102,"Kluane",2016,NA,NA,126,"KP16SP41"
"328","KP16SP42","KP16SP42","Kluane Plateau",2016-08-07,NA,2016-08-08,2016,99.5,248,251,25,52,55,NA,121,140,NA,42,9.8,6193676,"Kluane",2016,NA,NA,249.5,"KP16SP42"
"329","KP16SP43","KP16SP43","Kluane Plateau",2016-08-07,NA,2016-08-08,2016,73,251,162,17,66,62,NA,87,263,NA,47.5,8.3,2968326,"Kluane",2016,NA,NA,206.5,"KP16SP43"
"330","KP16SP44","KP16SP44","Kluane Plateau",2016-08-07,NA,2016-08-08,2016,127,256,191,34,86,87,NA,65,115,NA,41.9,7.4,6209792,"Kluane",2016,NA,NA,223.5,"KP16SP44"
"331","KP16SP45","KP16SP45","Kluane Plateau",2016-08-07,NA,2016-08-08,2016,93,185,154,24,59,54,NA,135,141,NA,41.1,8.7,2649570,"Kluane",2016,NA,NA,169.5,"KP16SP45"
"332","KP16SP46","KP16SP46","Kluane Plateau",2016-08-07,NA,2016-08-08,2016,140,276,273,37,9.4,8.7,NA,12.6,18.7,NA,42.9,10.3,10548720,"Kluane",2016,NA,NA,274.5,"KP16SP46"
"333","KP16SP47","KP16SP47","Kluane Plateau",2016-08-07,NA,2016-08-08,2016,108,279,190,29.1,8.1,7.3,NA,13.3,13.2,NA,32.5,14.9,5725080,"Kluane",2016,NA,NA,234.5,"KP16SP47"
"334","KP16SP48","KP16SP48","Kluane Plateau",2016-08-07,NA,2016-08-08,2016,52,118,107,19.5,3.1,4.3,NA,8,13.7,NA,36.2,11.6,656552,"Kluane",2016,NA,NA,112.5,"KP16SP48"
"335","KP16SP49","KP16SP49","Kluane Plateau",2016-08-07,NA,2016-08-08,2016,101,310,226,43.8,6.3,5.8,NA,12.3,7.4,NA,36.4,11,7076060,"Kluane",2016,NA,NA,268,"KP16SP49"
"336","KP16SP50","KP16SP50","Kluane Plateau",2016-08-07,NA,2016-08-08,2016,58,132,212,22.7,6.8,7.1,NA,16.6,13.9,NA,41.5,13.4,1623072,"Kluane",2016,NA,NA,172,"KP16SP50"
"337","KP16SP51","KP16SP51","Kluane Plateau",2016-08-07,NA,2016-08-09,2016,150,146,121,26,75,77,NA,121,85,NA,42.3,12.4,2649900,"Kluane",2016,NA,NA,133.5,"KP16SP51"
"338","KP16SP52","KP16SP52","Kluane Plateau",2016-08-07,NA,2016-08-09,2016,37,193,97,19,61,72,NA,110,140,NA,35,8.1,692677,"Kluane",2016,NA,NA,145,"KP16SP52"
"339","KP16SP53","KP16SP53","Kluane Plateau",2016-08-07,NA,2016-08-09,2016,112,264,257,39,65,72,NA,136,148,NA,30.5,7,7598976,"Kluane",2016,NA,NA,260.5,"KP16SP53"
"340","KP16SP56","KP16SP56","Kluane Plateau",2016-08-07,NA,2016-08-09,2016,107,159,148,33,6.2,5.9,NA,8,3.1,NA,41.2,10.8,2517924,"Kluane",2016,NA,NA,153.5,"KP16SP56"
"341","KP16SP57","KP16SP57","Kluane Plateau",2016-08-07,NA,2016-08-09,2016,47,184,184,15.1,6.3,6.2,NA,7.2,7.5,NA,34.8,7.9,1591232,"Kluane",2016,NA,NA,184,"KP16SP57"
"342","KP16SP59","KP16SP59","Kluane Plateau",2016-08-07,NA,2016-08-09,2016,41,146,102,15.2,4.9,4.6,NA,3.9,5.5,NA,47.5,10.4,610572,"Kluane",2016,NA,NA,124,"KP16SP59"
"343","KP16SP60","KP16SP60","Kluane Plateau",2016-08-07,NA,2016-08-09,2016,87,354,338,31.7,7.2,6.6,NA,9.8,13.4,NA,37.8,18.6,10409724,"Kluane",2016,NA,NA,346,"KP16SP60"
"344","KP16SR41","KP16SR41","Kluane Plateau",2016-08-07,NA,2016-08-09,2016,141,102,81,32,61,63,NA,131,142,NA,43.4,9.1,1164942,"Kluane",2016,NA,NA,91.5,"KP16SR41"
"345","KP16SR42","KP16SR42","Kluane Plateau",2016-08-07,NA,2016-08-09,2016,108,154,186,37,72,75,NA,119,138,NA,38.5,11.4,3093552,"Kluane",2016,NA,NA,170,"KP16SR42"
"346","KP16SR43","KP16SR43","Kluane Plateau",2016-08-07,NA,2016-08-09,2016,111,272,250,61,71,85,NA,132,162,NA,51.6,10.3,7548000,"Kluane",2016,NA,NA,261,"KP16SR43"
"347","KP16SR44","KP16SR44","Kluane Plateau",2016-08-07,NA,2016-08-09,2016,66,222,187,34,66,71,NA,207,109,NA,43.5,12.7,2739924,"Kluane",2016,NA,NA,204.5,"KP16SR44"
"348","KP16SR45","KP16SR45","Kluane Plateau",2016-08-07,NA,2016-08-09,2016,76,206,207,44,62,59,NA,96,105,NA,43.4,11.3,3240792,"Kluane",2016,NA,NA,206.5,"KP16SR45"
"349","KP16SR46","KP16SR46","Kluane Plateau",2016-08-07,NA,2016-08-09,2016,124.5,245,193,64.1,6.5,6.9,NA,14.5,14.5,NA,54.8,14.3,5886982.5,"Kluane",2016,NA,NA,219,"KP16SR46"
"350","KP16SR47","KP16SR47","Kluane Plateau",2016-08-07,NA,2016-08-09,2016,116,193,179,33.5,8.5,9.3,NA,9.4,15.6,NA,35.4,11.2,4007452,"Kluane",2016,NA,NA,186,"KP16SR47"
"351","KP16SR48","KP16SR48","Kluane Plateau",2016-08-07,NA,2016-08-09,2016,61,54,37,18.1,4.2,4.4,NA,8.4,7.2,NA,39.9,6.9,121878,"Kluane",2016,NA,NA,45.5,"KP16SR48"
"352","KP16SR49","KP16SR49","Kluane Plateau",2016-08-07,NA,2016-08-09,2016,88,213,198,47.6,8.1,7.5,NA,10.1,10.9,NA,45.5,20.4,3711312,"Kluane",2016,NA,NA,205.5,"KP16SR49"
"353","KP16SR50","KP16SR50","Kluane Plateau",2016-08-07,NA,2016-08-09,2016,143,165,215,51.8,7.3,6.8,NA,11.5,13.1,NA,37.5,19.1,5072925,"Kluane",2016,NA,NA,190,"KP16SR50"
"354","KP16SR51","KP16SR51","Kluane Plateau",2016-08-07,NA,2016-08-09,2016,67,142,115,35,56,57,NA,101,138,NA,46.7,10.5,1094110,"Kluane",2016,NA,NA,128.5,"KP16SR51"
"355","KP16SR52","KP16SR52","Kluane Plateau",2016-08-07,NA,2016-08-09,2016,71,145,104,25,51,50,NA,115,133,NA,34.1,9.7,1070680,"Kluane",2016,NA,NA,124.5,"KP16SR52"
"356","KP16SR53","KP16SR53","Kluane Plateau",2016-08-07,NA,2016-08-09,2016,92,248,218,36,46,48,NA,71,56,NA,36.3,9.1,4973888,"Kluane",2016,NA,NA,233,"KP16SR53"
"357","KP16SR54","KP16SR54","Kluane Plateau",2016-08-07,NA,2016-08-09,2016,66,123,114,20,70,81,NA,165,183,NA,28.1,7.7,925452,"Kluane",2016,NA,NA,118.5,"KP16SR54"
"358","KP16SR55","KP16SR55","Kluane Plateau",2016-08-07,NA,2016-08-09,2016,44,102,65,12,50,53,NA,90,96,NA,31.7,8.1,291720,"Kluane",2016,NA,NA,83.5,"KP16SR55"
"359","KP16SR56","KP16SR56","Kluane Plateau",2016-08-07,NA,2016-08-09,2016,102,189,197,36.8,5.3,5.8,NA,12.2,12.1,NA,46.6,9.6,3797766,"Kluane",2016,NA,NA,193,"KP16SR56"
"360","KP16SR57","KP16SR57","Kluane Plateau",2016-08-07,NA,2016-08-09,2016,70,122,95,22.7,6.7,6.1,NA,9.6,4,NA,43.4,12.7,811300,"Kluane",2016,NA,NA,108.5,"KP16SR57"
"361","KP16SR58","KP16SR58","Kluane Plateau",2016-08-07,NA,2016-08-09,2016,54,104,84,20.8,5.7,5.6,NA,4.4,5.5,NA,33.2,9.2,471744,"Kluane",2016,NA,NA,94,"KP16SR58"
"362","KP16SR59","KP16SR59","Kluane Plateau",2016-08-07,NA,2016-08-09,2016,96,119,66,27.1,5.9,4.3,NA,4.3,6.1,NA,45.9,15.9,753984,"Kluane",2016,NA,NA,92.5,"KP16SR59"
"363","KP16SR60","KP16SR60","Kluane Plateau",2016-08-07,NA,2016-08-09,2016,71,175,162,26.9,6,6.6,NA,14.3,9.2,NA,45.4,12.7,2012850,"Kluane",2016,NA,NA,168.5,"KP16SR60"
"366","K15psa1","K15PSa1","Kluane Plateau",2015-08-18,2015-08-18,2015-08-20,2015,17.1,68,NA,0.7,NA,NA,NA,NA,NA,NA,22,5,NA,"Kluane",2015,NA,NA,NA,"K15PSA1"
"367","K15psa10","K15PSa10","Kluane Plateau",2015-08-18,2015-08-18,2015-08-20,2015,23,63,NA,0.7,NA,NA,NA,NA,NA,NA,23,6,NA,"Kluane",2015,NA,NA,NA,"K15PSA10"
"368","K15psa11","K15PSa11","Kluane Plateau",2015-08-18,2015-08-18,2015-08-20,2015,30,144,NA,0.8,NA,NA,NA,NA,NA,NA,38,9,NA,"Kluane",2015,NA,NA,NA,"K15PSA11"
"369","K15psa12","K15PSa12","Kluane Plateau",2015-08-18,2015-08-18,2015-08-20,2015,34,112,NA,1.2,NA,NA,NA,NA,NA,NA,30,6,NA,"Kluane",2015,NA,NA,NA,"K15PSA12"
"370","K15psa14","K15PSa14","Kluane Plateau",2015-08-18,2015-08-18,2015-08-20,2015,20.5,167,NA,1.3,NA,NA,NA,NA,NA,NA,25,11,NA,"Kluane",2015,NA,NA,NA,"K15PSA14"
"371","K15psa15","K15PSa15","Kluane Plateau",2015-08-18,2015-08-18,2015-08-20,2015,23,137,NA,1.4,NA,NA,NA,NA,NA,NA,26,11,NA,"Kluane",2015,NA,NA,NA,"K15PSA15"
"372","K15psa3","K15PSa3","Kluane Plateau",2015-08-18,2015-08-18,2015-08-20,2015,17.6,64,NA,0.9,NA,NA,NA,NA,NA,NA,17,6,NA,"Kluane",2015,NA,NA,NA,"K15PSA3"
"373","K15psa4","K15PSa4","Kluane Plateau",2015-08-18,2015-08-18,2015-08-20,2015,23.5,31.4,NA,0.6,NA,NA,NA,NA,NA,NA,21,7,NA,"Kluane",2015,NA,NA,NA,"K15PSA4"
"374","K15psa5","K15PSa5","Kluane Plateau",2015-08-18,2015-08-18,2015-08-20,2015,17.4,37,NA,1,NA,NA,NA,NA,NA,NA,16,7,NA,"Kluane",2015,NA,NA,NA,"K15PSA5"
"375","K15psa6","K15PSa6","Kluane Plateau",2015-08-18,2015-08-18,2015-08-20,2015,28.1,38.4,NA,1.1,NA,NA,NA,NA,NA,NA,29,10,NA,"Kluane",2015,NA,NA,NA,"K15PSA6"
"376","K15psa7","K15PSa7","Kluane Plateau",2015-08-18,2015-08-18,2015-08-20,2015,20.5,46,NA,0.7,NA,NA,NA,NA,NA,NA,23,6,NA,"Kluane",2015,NA,NA,NA,"K15PSA7"
"377","K15psa9","K15PSa9","Kluane Plateau",2015-08-18,2015-08-18,2015-08-20,2015,26,162,NA,0.8,NA,NA,NA,NA,NA,NA,28,7,NA,"Kluane",2015,NA,NA,NA,"K15PSA9"
"378","H15sa10","H15Sa10","QHI",2015-07-22,2015-07-22,2015-08-20,2015,7,NA,NA,1.1,NA,NA,NA,NA,NA,NA,42,11,NA,"Qikiqtaruk",2015,NA,NA,NA,"H15SA10"
"379","H15sa6","H15Sa6","QHI",2015-07-22,2015-07-22,2015-08-20,2015,7,NA,NA,0.8,NA,NA,NA,NA,NA,NA,37,8,NA,"Qikiqtaruk",2015,NA,NA,NA,"H15SA6"
"380","H15sa7","H15Sa7","QHI",2015-07-22,2015-07-22,2015-08-20,2015,8.5,NA,NA,0.7,NA,NA,NA,NA,NA,NA,42,4,NA,"Qikiqtaruk",2015,NA,NA,NA,"H15SA7"
"381","H15sa8","H15Sa8","QHI",2015-07-22,2015-07-22,2015-08-20,2015,9,NA,NA,1.5,NA,NA,NA,NA,NA,NA,33,9,NA,"Qikiqtaruk",2015,NA,NA,NA,"H15SA8"
"382","H15sa9","H15Sa9","QHI",2015-07-22,2015-07-22,2015-08-20,2015,6,NA,NA,1,NA,NA,NA,NA,NA,NA,31,6,NA,"Qikiqtaruk",2015,NA,NA,NA,"H15SA9"
"392","H15sa3","H15Sa3","QHI",2015-07-21,2015-07-21,2015-08-20,2015,7,NA,NA,0.7,NA,NA,NA,NA,NA,NA,44,9,NA,"Qikiqtaruk",2015,NA,NA,NA,"H15SA3"
"393","H15sa4","H15Sa4","QHI",2015-07-21,2015-07-21,2015-08-20,2015,4,NA,NA,0.5,NA,NA,NA,NA,NA,NA,34,8,NA,"Qikiqtaruk",2015,NA,NA,NA,"H15SA4"
"394","H15sa5","H15Sa5","QHI",2015-07-21,2015-07-21,2015-08-20,2015,13,NA,NA,1.2,NA,NA,NA,NA,NA,NA,43,6,NA,"Qikiqtaruk",2015,NA,NA,NA,"H15SA5"
"416","H15sp1","H15Sp1","QHI",2015-07-18,2015-07-18,2015-08-18,2015,16,NA,NA,0.9,NA,NA,NA,NA,NA,NA,46.7,9,NA,"Qikiqtaruk",2015,NA,NA,NA,"H15SP1"
"417","H15sp10","H15Sp10","QHI",2015-07-18,2015-07-18,2015-08-18,2015,35,NA,NA,1.2,NA,NA,NA,NA,NA,NA,83.1,9,NA,"Qikiqtaruk",2015,NA,NA,NA,"H15SP10"
"418","H15sp11","H15Sp11","QHI",2015-07-18,2015-07-18,2015-08-18,2015,25,NA,NA,0.8,NA,NA,NA,NA,NA,NA,39.8,7,NA,"Qikiqtaruk",2015,NA,NA,NA,"H15SP11"
"419","H15sp12","H15Sp12","QHI",2015-07-18,2015-07-18,2015-08-18,2015,38,NA,NA,0.6,NA,NA,NA,NA,NA,NA,53.6,4,NA,"Qikiqtaruk",2015,NA,NA,NA,"H15SP12"
"420","H15sp13","H15Sp13","QHI",2015-07-18,2015-07-18,2015-08-18,2015,33,NA,NA,1.7,NA,NA,NA,NA,NA,NA,61,11,NA,"Qikiqtaruk",2015,NA,NA,NA,"H15SP13"
"421","H15sp14","H15Sp14","QHI",2015-07-18,2015-07-18,2015-08-18,2015,38,NA,NA,1.5,NA,NA,NA,NA,NA,NA,34.6,6,NA,"Qikiqtaruk",2015,NA,NA,NA,"H15SP14"
"422","H15sp15","H15Sp15","QHI",2015-07-18,2015-07-18,2015-08-18,2015,28,NA,NA,0.9,NA,NA,NA,NA,NA,NA,35,9,NA,"Qikiqtaruk",2015,NA,NA,NA,"H15SP15"
"423","H15sp16","H15Sp16","QHI",2015-07-18,2015-07-18,2015-08-18,2015,24,NA,NA,1.3,NA,NA,NA,NA,NA,NA,49.6,12,NA,"Qikiqtaruk",2015,NA,NA,NA,"H15SP16"
"424","H15sp17","H15Sp17","QHI",2015-07-18,2015-07-18,2015-08-18,2015,43,NA,NA,1.6,NA,NA,NA,NA,NA,NA,52.8,8,NA,"Qikiqtaruk",2015,NA,NA,NA,"H15SP17"
"425","H15sp18","H15Sp18","QHI",2015-07-18,2015-07-18,2015-08-18,2015,35,NA,NA,0.9,NA,NA,NA,NA,NA,NA,48,11,NA,"Qikiqtaruk",2015,NA,NA,NA,"H15SP18"
"426","H15sp19","H15Sp19","QHI",2015-07-18,2015-07-18,2015-08-18,2015,47,NA,NA,1.2,NA,NA,NA,NA,NA,NA,52,9,NA,"Qikiqtaruk",2015,NA,NA,NA,"H15SP19"
"427","H15sp2","H15Sp2","QHI",2015-07-18,2015-07-18,2015-08-18,2015,21,NA,NA,0.9,NA,NA,NA,NA,NA,NA,50.7,9,NA,"Qikiqtaruk",2015,NA,NA,NA,"H15SP2"
"428","H15sp20","H15Sp20","QHI",2015-07-18,2015-07-18,2015-08-18,2015,25,NA,NA,1.5,NA,NA,NA,NA,NA,NA,34,17,NA,"Qikiqtaruk",2015,NA,NA,NA,"H15SP20"
"429","H15sp21","H15Sp21","QHI",2015-07-18,2015-07-18,2015-08-18,2015,30,NA,NA,0.9,NA,NA,NA,NA,NA,NA,51.8,7,NA,"Qikiqtaruk",2015,NA,NA,NA,"H15SP21"
"430","H15sp22","H15Sp22","QHI",2015-07-18,2015-07-18,2015-08-18,2015,42,NA,NA,0.8,NA,NA,NA,NA,NA,NA,42.1,6,NA,"Qikiqtaruk",2015,NA,NA,NA,"H15SP22"
"431","H15sp23","H15Sp23","QHI",2015-07-18,2015-07-18,2015-08-18,2015,26,NA,NA,0.8,NA,NA,NA,NA,NA,NA,38.9,5,NA,"Qikiqtaruk",2015,NA,NA,NA,"H15SP23"
"432","H15sp24","H15Sp24","QHI",2015-07-18,2015-07-18,2015-08-18,2015,24,NA,NA,0.6,NA,NA,NA,NA,NA,NA,39.9,6,NA,"Qikiqtaruk",2015,NA,NA,NA,"H15SP24"
"433","H15sp25","H15SP25","QHI",2015-07-18,2015-07-18,2015-08-18,2015,24,NA,NA,0.7,NA,NA,NA,NA,NA,NA,33.6,7,NA,"Qikiqtaruk",2015,NA,NA,NA,"H15SP25"
"434","H15sp26","H15sp26","QHI",2015-07-18,2015-07-18,2015-08-18,2015,29,NA,NA,0.6,NA,NA,NA,NA,NA,NA,34,6,NA,"Qikiqtaruk",2015,NA,NA,NA,"H15SP26"
"435","H15sp27","H15Sp27","QHI",2015-07-18,2015-07-18,2015-08-18,2015,24,NA,NA,1,NA,NA,NA,NA,NA,NA,490,10,NA,"Qikiqtaruk",2015,NA,NA,NA,"H15SP27"
"436","H15sp28","H15SP28","QHI",2015-07-18,2015-07-18,2015-08-18,2015,19,NA,NA,1.1,NA,NA,NA,NA,NA,NA,255,12,NA,"Qikiqtaruk",2015,NA,NA,NA,"H15SP28"
"437","H15sp29","H15Sp29","QHI",2015-07-18,2015-07-18,2015-08-18,2015,32,NA,NA,0.9,NA,NA,NA,NA,NA,NA,373,7,NA,"Qikiqtaruk",2015,NA,NA,NA,"H15SP29"
"438","H15sp3","H15Sp3","QHI",2015-07-18,2015-07-18,2015-08-18,2015,29,NA,NA,0.6,NA,NA,NA,NA,NA,NA,32.2,6,NA,"Qikiqtaruk",2015,NA,NA,NA,"H15SP3"
"439","H15sp30","H15Sp30","QHI",2015-07-18,2015-07-18,2015-08-18,2015,26,NA,NA,1.1,NA,NA,NA,NA,NA,NA,32,8,NA,"Qikiqtaruk",2015,NA,NA,NA,"H15SP30"
"440","H15sp4","H15Sp4","QHI",2015-07-18,2015-07-18,2015-08-18,2015,23,NA,NA,0.6,NA,NA,NA,NA,NA,NA,35.8,7,NA,"Qikiqtaruk",2015,NA,NA,NA,"H15SP4"
"441","H15sp5","H15Sp5","QHI",2015-07-18,2015-07-18,2015-08-18,2015,13,NA,NA,0.8,NA,NA,NA,NA,NA,NA,38,8,NA,"Qikiqtaruk",2015,NA,NA,NA,"H15SP5"
"442","H15sp6","H15Sp6","QHI",2015-07-18,2015-07-18,2015-08-18,2015,22,NA,NA,0.9,NA,NA,NA,NA,NA,NA,47,11,NA,"Qikiqtaruk",2015,NA,NA,NA,"H15SP6"
"443","H15sp7","H15Sp7","QHI",2015-07-18,2015-07-18,2015-08-18,2015,39,NA,NA,0.8,NA,NA,NA,NA,NA,NA,39,8,NA,"Qikiqtaruk",2015,NA,NA,NA,"H15SP7"
"444","H15sp8","H15Sp8","QHI",2015-07-18,2015-07-18,2015-08-18,2015,21,NA,NA,1,NA,NA,NA,NA,NA,NA,47.8,10,NA,"Qikiqtaruk",2015,NA,NA,NA,"H15SP8"
"445","H15sp9","H15Sp9","QHI",2015-07-18,2015-07-18,2015-08-18,2015,22,NA,NA,0.9,NA,NA,NA,NA,NA,NA,58.1,8,NA,"Qikiqtaruk",2015,NA,NA,NA,"H15SP9"
"446","H15sr1","H15Sr1","QHI",2015-07-18,2015-07-18,2015-08-18,2015,73.5,372,NA,3,NA,NA,NA,NA,NA,NA,35.4,7,NA,"Qikiqtaruk",2015,NA,NA,NA,"H15SR1"
"447","H15sr10","H15Sr10","QHI",2015-07-18,2015-07-18,2015-08-18,2015,42,209,NA,1.6,NA,NA,NA,NA,NA,NA,39.5,11,NA,"Qikiqtaruk",2015,NA,NA,NA,"H15SR10"
"448","H15sr11","H15Sr11","QHI",2015-07-18,2015-07-18,2015-08-18,2015,26,157,NA,2.3,NA,NA,NA,NA,NA,NA,27.4,11,NA,"Qikiqtaruk",2015,NA,NA,NA,"H15SR11"
"449","H15sr12","H15Sr12","QHI",2015-07-18,2015-07-18,2015-08-18,2015,36,280,NA,1.7,NA,NA,NA,NA,NA,NA,43.5,12,NA,"Qikiqtaruk",2015,NA,NA,NA,"H15SR12"
"450","H15sr13","H15Sr13","QHI",2015-07-18,2015-07-18,2015-08-18,2015,22,226,NA,1.8,NA,NA,NA,NA,NA,NA,27.8,8,NA,"Qikiqtaruk",2015,NA,NA,NA,"H15SR13"
"451","H15sr14","H15Sr14","QHI",2015-07-18,2015-07-18,2015-08-18,2015,26,160,NA,1.7,NA,NA,NA,NA,NA,NA,32.6,12,NA,"Qikiqtaruk",2015,NA,NA,NA,"H15SR14"
"452","H15sr15","H15Sr15","QHI",2015-07-18,2015-07-18,2015-08-18,2015,42,340,NA,2.1,NA,NA,NA,NA,NA,NA,36.1,6,NA,"Qikiqtaruk",2015,NA,NA,NA,"H15SR15"
"453","H15sr16","H15Sr16","QHI",2015-07-18,2015-07-18,2015-08-18,2015,54,348,NA,2.3,NA,NA,NA,NA,NA,NA,40.3,8,NA,"Qikiqtaruk",2015,NA,NA,NA,"H15SR16"
"454","H15sr17","H15Sr17","QHI",2015-07-18,2015-07-18,2015-08-18,2015,59,281,NA,2.4,NA,NA,NA,NA,NA,NA,49.8,11,NA,"Qikiqtaruk",2015,NA,NA,NA,"H15SR17"
"455","H15sr18","H15Sr18","QHI",2015-07-18,2015-07-18,2015-08-18,2015,54,NA,NA,1.9,NA,NA,NA,NA,NA,NA,40.5,8,NA,"Qikiqtaruk",2015,NA,NA,NA,"H15SR18"
"456","H15sr19","H15Sr19","QHI",2015-07-18,2015-07-18,2015-08-18,2015,38,181,NA,1.9,NA,NA,NA,NA,NA,NA,35,8,NA,"Qikiqtaruk",2015,NA,NA,NA,"H15SR19"
"457","H15sr2","H15Sr2","QHI",2015-07-18,2015-07-18,2015-08-18,2015,45,380,NA,0.8,NA,NA,NA,NA,NA,NA,42.5,7,NA,"Qikiqtaruk",2015,NA,NA,NA,"H15SR2"
"458","H15sr20","H15Sr20","QHI",2015-07-18,2015-07-18,2015-08-18,2015,36,201,NA,1.6,NA,NA,NA,NA,NA,NA,40.5,9,NA,"Qikiqtaruk",2015,NA,NA,NA,"H15SR20"
"459","H15sr21","H15Sr21","QHI",2015-07-18,2015-07-18,2015-08-18,2015,48,193,NA,1.5,NA,NA,NA,NA,NA,NA,39.5,6,NA,"Qikiqtaruk",2015,NA,NA,NA,"H15SR21"
"460","H15sr22","H15Sr22","QHI",2015-07-18,2015-07-18,2015-08-18,2015,34,380,NA,1.9,NA,NA,NA,NA,NA,NA,29.6,12,NA,"Qikiqtaruk",2015,NA,NA,NA,"H15SR22"
"461","H15sr23","H15Sr23","QHI",2015-07-18,2015-07-18,2015-08-18,2015,31,379,NA,1.6,NA,NA,NA,NA,NA,NA,36.5,9,NA,"Qikiqtaruk",2015,NA,NA,NA,"H15SR23"
"462","H15sr24","H15Sr24","QHI",2015-07-18,2015-07-18,2015-08-18,2015,44,NA,NA,2.4,NA,NA,NA,NA,NA,NA,36.7,9,NA,"Qikiqtaruk",2015,NA,NA,NA,"H15SR24"
"463","H15sr25","H15Sr25","QHI",2015-07-18,2015-07-18,2015-08-18,2015,40,208,NA,1.4,NA,NA,NA,NA,NA,NA,30,10,NA,"Qikiqtaruk",2015,NA,NA,NA,"H15SR25"
"464","H15sr26","H15Sr26","QHI",2015-07-18,2015-07-18,2015-08-18,2015,59,412,NA,3.4,NA,NA,NA,NA,NA,NA,60.8,10,NA,"Qikiqtaruk",2015,NA,NA,NA,"H15SR26"
"465","H15sr27","H15Sr27","QHI",2015-07-18,2015-07-18,2015-08-18,2015,41,178,NA,1.7,NA,NA,NA,NA,NA,NA,38.9,10,NA,"Qikiqtaruk",2015,NA,NA,NA,"H15SR27"
"466","H15sr28","H15Sr28","QHI",2015-07-18,2015-07-18,2015-08-18,2015,48,229,NA,1.6,NA,NA,NA,NA,NA,NA,44.2,9,NA,"Qikiqtaruk",2015,NA,NA,NA,"H15SR28"
"467","H15sr29","H15SR29","QHI",2015-07-18,2015-07-18,2015-08-18,2015,51,400,NA,1.2,NA,NA,NA,NA,NA,NA,52.6,9,NA,"Qikiqtaruk",2015,NA,NA,NA,"H15SR29"
"468","H15sr3","H15Sr3","QHI",2015-07-18,2015-07-18,2015-08-18,2015,40,161,NA,2,NA,NA,NA,NA,NA,NA,28.9,7,NA,"Qikiqtaruk",2015,NA,NA,NA,"H15SR3"
"469","H15sr30","H15Sr30","QHI",2015-07-18,2015-07-18,2015-08-18,2015,39,106,NA,1.1,NA,NA,NA,NA,NA,NA,34.1,6,NA,"Qikiqtaruk",2015,NA,NA,NA,"H15SR30"
"470","H15sr4","H15Sr4","QHI",2015-07-18,2015-07-18,2015-08-18,2015,33,327,NA,1.2,NA,NA,NA,NA,NA,NA,39.2,7,NA,"Qikiqtaruk",2015,NA,NA,NA,"H15SR4"
"471","H15sr5","H15Sr5","QHI",2015-07-18,2015-07-18,2015-08-18,2015,44,366,NA,2.1,NA,NA,NA,NA,NA,NA,41.7,8,NA,"Qikiqtaruk",2015,NA,NA,NA,"H15SR5"
"472","H15sr6","H15Sr6","QHI",2015-07-18,2015-07-18,2015-08-18,2015,48,208,NA,1.8,NA,NA,NA,NA,NA,NA,37,7,NA,"Qikiqtaruk",2015,NA,NA,NA,"H15SR6"
"473","H15sr7","H15Sr7","QHI",2015-07-18,2015-07-18,2015-08-18,2015,29,218,NA,1.3,NA,NA,NA,NA,NA,NA,29.2,8,NA,"Qikiqtaruk",2015,NA,NA,NA,"H15SR7"
"474","H15sr8","H15Sr8","QHI",2015-07-18,2015-07-18,2015-08-18,2015,59,261,NA,1.5,NA,NA,NA,NA,NA,NA,33.9,7,NA,"Qikiqtaruk",2015,NA,NA,NA,"H15SR8"
"475","H15sr9","H15Sr9","QHI",2015-07-18,2015-07-18,2015-08-18,2015,31,246,NA,2,NA,NA,NA,NA,NA,NA,35.9,8,NA,"Qikiqtaruk",2015,NA,NA,NA,"H15SR9"
"486","K15psp10","K15PSp10","Kluane Plateau",2015-07-04,2015-07-04,2015-08-18,2015,84,196,NA,2.3,NA,NA,NA,NA,NA,NA,34,10.1,NA,"Kluane",2015,NA,NA,NA,"K15PSP10"
"487","K15psp6","K15PSp6","Kluane Plateau",2015-07-04,2015-07-04,2015-08-18,2015,73,161,NA,2,NA,NA,NA,NA,NA,NA,33.8,10,NA,"Kluane",2015,NA,NA,NA,"K15PSP6"
"488","K15psp7","K15PSp7","Kluane Plateau",2015-07-04,2015-07-04,2015-08-18,2015,44,68,NA,0.9,NA,NA,NA,NA,NA,NA,32,9,NA,"Kluane",2015,NA,NA,NA,"K15PSP7"
"489","K15psp8","K15PSp8","Kluane Plateau",2015-07-04,2015-07-04,2015-08-18,2015,69,142,NA,1.4,NA,NA,NA,NA,NA,NA,30.3,7.5,NA,"Kluane",2015,NA,NA,NA,"K15PSP8"
"490","K15psp9","K15PSp9","Kluane Plateau",2015-07-04,2015-07-04,2015-08-18,2015,78,150,NA,2.4,NA,NA,NA,NA,NA,NA,36.7,9.9,NA,"Kluane",2015,NA,NA,NA,"K15PSP9"
"491","Kpsp11","KPSp11","Kluane Plateau",2015-07-04,2015-07-04,2015-08-18,2015,44,155,NA,1.9,NA,NA,NA,NA,NA,NA,32.7,8.6,NA,"Kluane",2015,NA,NA,NA,"KPSP11"
"492","Kpsp12","KPSP12","Kluane Plateau",2015-07-04,2015-07-04,2015-08-18,2015,76,304,NA,5.4,NA,NA,NA,NA,NA,NA,26.9,6,NA,"Kluane",2015,NA,NA,NA,"KPSP12"
"493","Kpsp13","KPSP13","Kluane Plateau",2015-07-04,2015-07-04,2015-08-18,2015,76,178,NA,2.4,NA,NA,NA,NA,NA,NA,33.4,5.6,NA,"Kluane",2015,NA,NA,NA,"KPSP13"
"494","Kpsp14","KPSP14","Kluane Plateau",2015-07-04,2015-07-04,2015-08-18,2015,137,197,NA,3.3,NA,NA,NA,NA,NA,NA,32.6,8.1,NA,"Kluane",2015,NA,NA,NA,"KPSP14"
"495","Kpsp15","KPSP15","Kluane Plateau",2015-07-04,2015-07-04,2015-08-18,2015,132,253,NA,10.4,NA,NA,NA,NA,NA,NA,37,8.9,NA,"Kluane",2015,NA,NA,NA,"KPSP15"
"496","K15psr10","K15PSr10","Kluane Plateau",2015-07-04,2015-07-04,2015-08-18,2015,81,1981,NA,6.4,NA,NA,NA,NA,NA,NA,31.5,10.4,NA,"Kluane",2015,NA,NA,NA,"K15PSR10"
"497","K15psr11","K15PSr11","Kluane Plateau",2015-07-04,2015-07-04,2015-08-18,2015,63,165,NA,3.6,NA,NA,NA,NA,NA,NA,27.2,11.7,NA,"Kluane",2015,NA,NA,NA,"K15PSR11"
"498","K15psr12","K15PSr12","Kluane Plateau",2015-07-04,2015-07-04,2015-08-18,2015,48,167,NA,2.7,NA,NA,NA,NA,NA,NA,32.7,11.8,NA,"Kluane",2015,NA,NA,NA,"K15PSR12"
"499","K15psr14","K15PSR14","Kluane Plateau",2015-07-04,2015-07-04,2015-08-18,2015,71,171,NA,5,NA,NA,NA,NA,NA,NA,29.4,12.9,NA,"Kluane",2015,NA,NA,NA,"K15PSR14"
"500","K15psr6","K15PSr6","Kluane Plateau",2015-07-04,2015-07-04,2015-08-18,2015,88,306,NA,6.8,NA,NA,NA,NA,NA,NA,31.2,14.2,NA,"Kluane",2015,NA,NA,NA,"K15PSR6"
"501","K15psr8","K15PSr8","Kluane Plateau",2015-07-04,2015-07-04,2015-08-18,2015,78,167,NA,3.1,NA,NA,NA,NA,NA,NA,21.9,8.8,NA,"Kluane",2015,NA,NA,NA,"K15PSR8"
"502","K15psr9","K15PSr9","Kluane Plateau",2015-07-04,2015-07-04,2015-08-18,2015,72,212,NA,3.2,NA,NA,NA,NA,NA,NA,39.2,11,NA,"Kluane",2015,NA,NA,NA,"K15PSR9"
"514","K15ssr1","K15SSr1","Pika Camp",2015-06-28,2015-06-28,2015-08-18,2015,34,46,NA,1.3,NA,NA,NA,NA,NA,NA,22.8,9,NA,"Kluane",2015,NA,NA,NA,"K15SSR1"
"515","K15ssr2","K15SSr2","Pika Camp",2015-06-28,2015-06-28,2015-08-18,2015,49,127,NA,2.4,NA,NA,NA,NA,NA,NA,47.3,11.5,NA,"Kluane",2015,NA,NA,NA,"K15SSR2"
"516","K15ssr3","K15SSr3","Pika Camp",2015-06-28,2015-06-28,2015-08-18,2015,76,167,NA,3.6,NA,NA,NA,NA,NA,NA,50.3,12.4,NA,"Kluane",2015,NA,NA,NA,"K15SSR3"
"517","K15ssr4","K15SSr4","Pika Camp",2015-06-28,2015-06-28,2015-08-18,2015,58,106,NA,1.9,NA,NA,NA,NA,NA,NA,45.5,11.5,NA,"Kluane",2015,NA,NA,NA,"K15SSR4"
"518","K15ssr5","K15SSr5","Pika Camp",2015-06-28,2015-06-28,2015-08-18,2015,28,64,NA,0.8,NA,NA,NA,NA,NA,NA,31.1,7.7,NA,"Kluane",2015,NA,NA,NA,"K15SSR5"
"519","K15ssr6","K15SSr6","Pika Camp",2015-06-28,2015-06-28,2015-08-18,2015,66,185,NA,2.9,NA,NA,NA,NA,NA,NA,42.5,10.5,NA,"Kluane",2015,NA,NA,NA,"K15SSR6"
"520","K15ssr7","K15SSr7","Pika Camp",2015-06-28,2015-06-28,2015-08-18,2015,71,117,NA,2.3,NA,NA,NA,NA,NA,NA,41.4,11.5,NA,"Kluane",2015,NA,NA,NA,"K15SSR7"
"521","K15ssr9","K15SSr9","Pika Camp",2015-06-28,2015-06-28,2015-08-18,2015,51,129,NA,3.4,NA,NA,NA,NA,NA,NA,61.1,9.1,NA,"Kluane",2015,NA,NA,NA,"K15SSR9"
"523","K15esp1","K15ESp1","Pika Camp",2015-06-27,2015-06-27,2015-08-18,2015,47,290,NA,2.2,NA,NA,NA,NA,NA,NA,32,9.7,NA,"Kluane",2015,NA,NA,NA,"K15ESP1"
"524","K15esp10","K15ESp10","Pika Camp",2015-06-27,2015-06-27,2015-08-18,2015,47,247,NA,3.6,NA,NA,NA,NA,NA,NA,30.3,6.7,NA,"Kluane",2015,NA,NA,NA,"K15ESP10"
"525","K15esp2","K15ESp2","Pika Camp",2015-06-27,2015-06-27,2015-08-18,2015,49,345,NA,1.4,NA,NA,NA,NA,NA,NA,30,9.7,NA,"Kluane",2015,NA,NA,NA,"K15ESP2"
"526","K15esp3","K15ESp3","Pika Camp",2015-06-27,2015-06-27,2015-08-18,2015,58,177,NA,1.4,NA,NA,NA,NA,NA,NA,48.9,11.3,NA,"Kluane",2015,NA,NA,NA,"K15ESP3"
"527","K15esp4","K15ESp4","Pika Camp",2015-06-27,2015-06-27,2015-08-18,2015,58,193,NA,1.8,NA,NA,NA,NA,NA,NA,50.6,9.2,NA,"Kluane",2015,NA,NA,NA,"K15ESP4"
"528","K15esp5","K15ESp5","Pika Camp",2015-06-27,2015-06-27,2015-08-18,2015,43,259,NA,2.5,NA,NA,NA,NA,NA,NA,42.1,9.4,NA,"Kluane",2015,NA,NA,NA,"K15ESP5"
"529","K15esp7","K15ESp7","Pika Camp",2015-06-27,2015-06-27,2015-08-18,2015,44,202,NA,2.1,NA,NA,NA,NA,NA,NA,24.1,11.1,NA,"Kluane",2015,NA,NA,NA,"K15ESP7"
"530","K15esp8","K15ESp8","Pika Camp",2015-06-27,2015-06-27,2015-08-18,2015,40,258,NA,2.2,NA,NA,NA,NA,NA,NA,29.9,9.1,NA,"Kluane",2015,NA,NA,NA,"K15ESP8"
"531","K15esp9","K15ESp9","Pika Camp",2015-06-27,2015-06-27,2015-08-18,2015,28,152,NA,1.4,NA,NA,NA,NA,NA,NA,22.8,10.2,NA,"Kluane",2015,NA,NA,NA,"K15ESP9"
"538","K15psp1","K15PSp1","Kluane Plateau",2015-06-20,2015-06-20,2015-08-19,2015,196,262,NA,5,NA,NA,NA,NA,NA,NA,45.7,15.5,NA,"Kluane",2015,NA,NA,NA,"K15PSP1"
"539","K15psp2","K15PSp2","Kluane Plateau",2015-06-20,2015-06-20,2015-08-19,2015,205,210,NA,6,NA,NA,NA,NA,NA,NA,29.7,7.2,NA,"Kluane",2015,NA,NA,NA,"K15PSP2"
"540","K15psp3","K15PSp3","Kluane Plateau",2015-06-20,2015-06-20,2015-08-19,2015,106,130,NA,3,NA,NA,NA,NA,NA,NA,37.6,11.2,NA,"Kluane",2015,NA,NA,NA,"K15PSP3"
"541","K15psp5","K15PSp5","Kluane Plateau",2015-06-20,2015-06-20,2015-08-19,2015,120,70,NA,3,NA,NA,NA,NA,NA,NA,39.3,13,NA,"Kluane",2015,NA,NA,NA,"K15PSP5"
"542","K15psr1","K15PSr1","Kluane Plateau",2015-06-20,2015-06-20,2015-08-19,2015,150,525,NA,7.5,NA,NA,NA,NA,NA,NA,37,16.2,NA,"Kluane",2015,NA,NA,NA,"K15PSR1"
"543","K15psr2","K15PSr2","Kluane Plateau",2015-06-20,2015-06-20,2015-08-19,2015,145,440,NA,8,NA,NA,NA,NA,NA,NA,33.1,18.3,NA,"Kluane",2015,NA,NA,NA,"K15PSR2"
"544","K15psr3","K15PSr3","Kluane Plateau",2015-06-20,2015-06-20,2015-08-19,2015,66,310,NA,2,NA,NA,NA,NA,NA,NA,38.4,13.3,NA,"Kluane",2015,NA,NA,NA,"K15PSR3"
"545","K15psr4","K15PSr4","Kluane Plateau",2015-06-20,2015-06-20,2015-08-19,2015,188,490,NA,4.5,NA,NA,NA,NA,NA,NA,29.9,14.8,NA,"Kluane",2015,NA,NA,NA,"K15PSR4"
"546","K15psr5","K15PSr5","Kluane Plateau",2015-06-20,2015-06-20,2015-08-19,2015,102,315,NA,5,NA,NA,NA,NA,NA,NA,34.9,11,NA,"Kluane",2015,NA,NA,NA,"K15PSR5"
"547","KP-SR 1","#N/A","Kluane Plateau",2014-08-27,NA,2014-08-27,2014,107.4,306.5,NA,6,NA,NA,NA,NA,NA,NA,59.9,NA,NA,"Kluane",2014,NA,NA,NA,"KPSR1"
"548","KP-SR 10","#N/A","Kluane Plateau",2014-08-27,NA,2014-08-27,2014,136.1,NA,NA,5.2,NA,NA,NA,NA,NA,NA,57.3,NA,NA,"Kluane",2014,NA,NA,NA,"KPSR10"
"549","KP-SR 2","#N/A","Kluane Plateau",2014-08-27,NA,2014-08-27,2014,142.7,308.1,NA,4.2,NA,NA,NA,NA,NA,NA,55.8,NA,NA,"Kluane",2014,NA,NA,NA,"KPSR2"
"550","KP-SR 4","#N/A","Kluane Plateau",2014-08-27,NA,2014-08-27,2014,76.2,226,NA,3.3,NA,NA,NA,NA,NA,NA,56.5,NA,NA,"Kluane",2014,NA,NA,NA,"KPSR4"
"551","KP-SR 5","KP-SR 5","Kluane Plateau",2014-08-27,NA,2014-08-27,2014,98.2,146.6,NA,2.5,NA,NA,NA,NA,NA,NA,62.3,NA,NA,"Kluane",2014,NA,NA,NA,"KPSR5"
"552","KP-SR 6","#N/A","Kluane Plateau",2014-08-27,NA,2014-08-27,2014,149.8,NA,NA,9.5,NA,NA,NA,NA,NA,NA,53.6,NA,NA,"Kluane",2014,NA,NA,NA,"KPSR6"
"553","KP-SR 7","#N/A","Kluane Plateau",2014-08-27,NA,2014-08-27,2014,195.5,NA,NA,11,NA,NA,NA,NA,NA,NA,63.2,NA,NA,"Kluane",2014,NA,NA,NA,"KPSR7"
"554","KP-SR 8","#N/A","Kluane Plateau",2014-08-27,NA,2014-08-27,2014,130.1,266.4,NA,3.9,NA,NA,NA,NA,NA,NA,43.2,NA,NA,"Kluane",2014,NA,NA,NA,"KPSR8"
"555","KP-SR 9","#N/A","Kluane Plateau",2014-08-27,NA,2014-08-27,2014,138.9,33.16,NA,4.8,NA,NA,NA,NA,NA,NA,62,NA,NA,"Kluane",2014,NA,NA,NA,"KPSR9"
"556","HER-SP 1","#N/A","QHI",2014-08-15,NA,2014-08-24,2014,42.5,273.6,NA,1.6,NA,NA,NA,NA,NA,NA,111,NA,NA,"Qikiqtaruk",2014,NA,NA,NA,"HERSP1"
"557","HER-SP 10","#N/A","QHI",2014-08-15,NA,2014-08-24,2014,31.9,197,NA,0.9,NA,NA,NA,NA,NA,NA,56,NA,NA,"Qikiqtaruk",2014,NA,NA,NA,"HERSP10"
"558","HER-SP 11","HER-SP 11","QHI",2014-08-15,NA,2014-08-24,2014,34.1,213.6,NA,1.2,NA,NA,NA,NA,NA,NA,54.3,NA,NA,"Qikiqtaruk",2014,NA,NA,NA,"HERSP11"
"559","HER-SP 12","HER-SP 12","QHI",2014-08-15,NA,2014-08-24,2014,37.5,270.4,NA,1,NA,NA,NA,NA,NA,NA,57.8,NA,NA,"Qikiqtaruk",2014,NA,NA,NA,"HERSP12"
"560","HER-SP 13","#N/A","QHI",2014-08-15,NA,2014-08-24,2014,57.2,NA,NA,1.4,NA,NA,NA,NA,NA,NA,62.7,NA,NA,"Qikiqtaruk",2014,NA,NA,NA,"HERSP13"
"561","HER-SP 14","HER-SP 14","QHI",2014-08-15,NA,2014-08-24,2014,44.9,NA,NA,1.2,NA,NA,NA,NA,NA,NA,72.5,NA,NA,"Qikiqtaruk",2014,NA,NA,NA,"HERSP14"
"562","HER-SP 15","#N/A","QHI",2014-08-15,NA,2014-08-24,2014,33.4,407,NA,1.2,NA,NA,NA,NA,NA,NA,53.7,NA,NA,"Qikiqtaruk",2014,NA,NA,NA,"HERSP15"
"563","HER-SP 16","#N/A","QHI",2014-08-15,NA,2014-08-24,2014,55.3,NA,NA,1.5,NA,NA,NA,NA,NA,NA,63.9,NA,NA,"Qikiqtaruk",2014,NA,NA,NA,"HERSP16"
"564","HER-SP 17","#N/A","QHI",2014-08-15,NA,2014-08-24,2014,34.1,314.5,NA,2.3,NA,NA,NA,NA,NA,NA,55.7,NA,NA,"Qikiqtaruk",2014,NA,NA,NA,"HERSP17"
"565","HER-SP 18","#N/A","QHI",2014-08-15,NA,2014-08-24,2014,33.6,292.2,NA,1.2,NA,NA,NA,NA,NA,NA,46,NA,NA,"Qikiqtaruk",2014,NA,NA,NA,"HERSP18"
"566","HER-SP 19","#N/A","QHI",2014-08-15,NA,2014-08-24,2014,45.5,NA,NA,1,NA,NA,NA,NA,NA,NA,61.9,NA,NA,"Qikiqtaruk",2014,NA,NA,NA,"HERSP19"
"567","HER-SP 2","#N/A","QHI",2014-08-15,NA,2014-08-24,2014,37.5,481.1,NA,5.1,NA,NA,NA,NA,NA,NA,84.5,NA,NA,"Qikiqtaruk",2014,NA,NA,NA,"HERSP2"
"568","HER-SP 20","#N/A","QHI",2014-08-15,NA,2014-08-24,2014,39.5,204.2,NA,0.7,NA,NA,NA,NA,NA,NA,56.4,NA,NA,"Qikiqtaruk",2014,NA,NA,NA,"HERSP20"
"569","HER-SP 21","#N/A","QHI",2014-08-15,NA,2014-08-24,2014,38.1,NA,NA,1,NA,NA,NA,NA,NA,NA,47.6,NA,NA,"Qikiqtaruk",2014,NA,NA,NA,"HERSP21"
"570","HER-SP 22","#N/A","QHI",2014-08-15,NA,2014-08-24,2014,32.2,307.4,NA,0.9,NA,NA,NA,NA,NA,NA,71.5,NA,NA,"Qikiqtaruk",2014,NA,NA,NA,"HERSP22"
"571","HER-SP 23","#N/A","QHI",2014-08-15,NA,2014-08-24,2014,27.5,NA,NA,0.8,NA,NA,NA,NA,NA,NA,49.3,NA,NA,"Qikiqtaruk",2014,NA,NA,NA,"HERSP23"
"572","HER-SP 24","HER-SP 24","QHI",2014-08-15,NA,2014-08-24,2014,37.2,226,NA,0.8,NA,NA,NA,NA,NA,NA,54.5,NA,NA,"Qikiqtaruk",2014,NA,NA,NA,"HERSP24"
"573","HER-SP 25","#N/A","QHI",2014-08-15,NA,2014-08-24,2014,36.8,137.3,NA,1,NA,NA,NA,NA,NA,NA,58.4,NA,NA,"Qikiqtaruk",2014,NA,NA,NA,"HERSP25"
"574","HER-SP 26","HER-SP 26","QHI",2014-08-15,NA,2014-08-24,2014,43.4,145.1,NA,1.1,NA,NA,NA,NA,NA,NA,62.3,NA,NA,"Qikiqtaruk",2014,NA,NA,NA,"HERSP26"
"575","HER-SP 27","#N/A","QHI",2014-08-15,NA,2014-08-24,2014,30,226.1,NA,0.9,NA,NA,NA,NA,NA,NA,45.5,NA,NA,"Qikiqtaruk",2014,NA,NA,NA,"HERSP27"
"576","HER-SP 28","#N/A","QHI",2014-08-15,NA,2014-08-24,2014,34,291,NA,1,NA,NA,NA,NA,NA,NA,52.3,NA,NA,"Qikiqtaruk",2014,NA,NA,NA,"HERSP28"
"577","HER-SP 29","HER-SP 29","QHI",2014-08-15,NA,2014-08-24,2014,27.7,441.3,NA,1.3,NA,NA,NA,NA,NA,NA,45.9,NA,NA,"Qikiqtaruk",2014,NA,NA,NA,"HERSP29"
"578","HER-SP 3","HER-SP 3","QHI",2014-08-15,NA,2014-08-24,2014,32.3,268,NA,1.3,NA,NA,NA,NA,NA,NA,68.3,NA,NA,"Qikiqtaruk",2014,NA,NA,NA,"HERSP3"
"579","HER-SP 30","HER-SP 30","QHI",2014-08-15,NA,2014-08-24,2014,32.9,350.9,NA,1.1,NA,NA,NA,NA,NA,NA,55.2,NA,NA,"Qikiqtaruk",2014,NA,NA,NA,"HERSP30"
"580","HER-SP 4","HER-SP 4","QHI",2014-08-15,NA,2014-08-24,2014,31.8,263,NA,1.4,NA,NA,NA,NA,NA,NA,55.9,NA,NA,"Qikiqtaruk",2014,NA,NA,NA,"HERSP4"
"581","HER-SP 5","HER-SP 5","QHI",2014-08-15,NA,2014-08-24,2014,31.6,115.5,NA,0.8,NA,NA,NA,NA,NA,NA,54.8,NA,NA,"Qikiqtaruk",2014,NA,NA,NA,"HERSP5"
"582","HER-SP 6","#N/A","QHI",2014-08-15,NA,2014-08-24,2014,38.4,390,NA,1.2,NA,NA,NA,NA,NA,NA,61.6,NA,NA,"Qikiqtaruk",2014,NA,NA,NA,"HERSP6"
"583","HER-SP 7","#N/A","QHI",2014-08-15,NA,2014-08-24,2014,29.9,NA,NA,1.4,NA,NA,NA,NA,NA,NA,69.4,NA,NA,"Qikiqtaruk",2014,NA,NA,NA,"HERSP7"
"584","HER-SP 8","#N/A","QHI",2014-08-15,NA,2014-08-24,2014,29.3,291.7,NA,1.1,NA,NA,NA,NA,NA,NA,53.8,NA,NA,"Qikiqtaruk",2014,NA,NA,NA,"HERSP8"
"585","HER-SP 9","HER-SP 9","QHI",2014-08-15,NA,2014-08-24,2014,38.4,284.3,NA,1.3,NA,NA,NA,NA,NA,NA,53.2,NA,NA,"Qikiqtaruk",2014,NA,NA,NA,"HERSP9"
"586","KL-SPS 1","#N/A","Pika Camp",2014-07-07,NA,2014-07-10,2014,95,361,NA,2.5,NA,NA,NA,NA,NA,NA,55,NA,NA,"Kluane",2014,NA,NA,NA,"KLSPS1"
"587","KL-SPS 10","#N/A","Pika Camp",2014-07-07,NA,2014-07-10,2014,51,200,NA,1.9,NA,NA,NA,NA,NA,NA,52,NA,NA,"Kluane",2014,NA,NA,NA,"KLSPS10"
"588","KL-SPS 12","#N/A","Pika Camp",2014-07-07,NA,2014-07-10,2014,106,429,NA,2.6,NA,NA,NA,NA,NA,NA,56,NA,NA,"Kluane",2014,NA,NA,NA,"KLSPS12"
"589","KL-SPS 13","#N/A","Pika Camp",2014-07-07,NA,2014-07-10,2014,53,293,NA,2.9,NA,NA,NA,NA,NA,NA,60,NA,NA,"Kluane",2014,NA,NA,NA,"KLSPS13"
"590","KL-SPS 14","#N/A","Pika Camp",2014-07-07,NA,2014-07-10,2014,39,105,NA,1,NA,NA,NA,NA,NA,NA,52,NA,NA,"Kluane",2014,NA,NA,NA,"KLSPS14"
"591","KL-SPS 15","#N/A","Pika Camp",2014-07-07,NA,2014-07-10,2014,67,130,NA,1.7,NA,NA,NA,NA,NA,NA,56,NA,NA,"Kluane",2014,NA,NA,NA,"KLSPS15"
"592","KL-SPS 16","#N/A","Pika Camp",2014-07-07,NA,2014-07-10,2014,77,176,NA,2.2,NA,NA,NA,NA,NA,NA,58,NA,NA,"Kluane",2014,NA,NA,NA,"KLSPS16"
"593","KL-SPS 17","#N/A","Pika Camp",2014-07-07,NA,2014-07-10,2014,61,196,NA,3.5,NA,NA,NA,NA,NA,NA,47,NA,NA,"Kluane",2014,NA,NA,NA,"KLSPS17"
"594","KL-SPS 18","#N/A","Pika Camp",2014-07-07,NA,2014-07-10,2014,67,132,NA,1.8,NA,NA,NA,NA,NA,NA,58,NA,NA,"Kluane",2014,NA,NA,NA,"KLSPS18"
"595","KL-SPS 19","#N/A","Pika Camp",2014-07-07,NA,2014-07-10,2014,93,208,NA,2.7,NA,NA,NA,NA,NA,NA,53,NA,NA,"Kluane",2014,NA,NA,NA,"KLSPS19"
"596","KL-SPS 2","#N/A","Pika Camp",2014-07-07,NA,2014-07-10,2014,104,208,NA,4.4,NA,NA,NA,NA,NA,NA,54,NA,NA,"Kluane",2014,NA,NA,NA,"KLSPS2"
"597","KL-SPS 20","#N/A","Pika Camp",2014-07-07,NA,2014-07-10,2014,51,123,NA,1.4,NA,NA,NA,NA,NA,NA,44,NA,NA,"Kluane",2014,NA,NA,NA,"KLSPS20"
"598","KL-SPS 3","#N/A","Pika Camp",2014-07-07,NA,2014-07-10,2014,124,287,NA,5,NA,NA,NA,NA,NA,NA,51,NA,NA,"Kluane",2014,NA,NA,NA,"KLSPS3"
"599","KL-SPS 4","#N/A","Pika Camp",2014-07-07,NA,2014-07-10,2014,87,324,NA,3.7,NA,NA,NA,NA,NA,NA,56,NA,NA,"Kluane",2014,NA,NA,NA,"KLSPS4"
"600","KL-SPS 5","#N/A","Pika Camp",2014-07-07,NA,2014-07-10,2014,88,272,NA,3.9,NA,NA,NA,NA,NA,NA,56,NA,NA,"Kluane",2014,NA,NA,NA,"KLSPS5"
"601","KL-SPS 6","#N/A","Pika Camp",2014-07-07,NA,2014-07-10,2014,66,202,NA,2.1,NA,NA,NA,NA,NA,NA,58,NA,NA,"Kluane",2014,NA,NA,NA,"KLSPS6"
"602","KL-SPS 7","#N/A","Pika Camp",2014-07-07,NA,2014-07-10,2014,44,143,NA,1.2,NA,NA,NA,NA,NA,NA,51,NA,NA,"Kluane",2014,NA,NA,NA,"KLSPS7"
"603","KL-SPS 8","#N/A","Pika Camp",2014-07-07,NA,2014-07-10,2014,50,146,NA,1.6,NA,NA,NA,NA,NA,NA,50,NA,NA,"Kluane",2014,NA,NA,NA,"KLSPS8"
"604","KL-SPS 9","#N/A","Pika Camp",2014-07-07,NA,2014-07-10,2014,55,109,NA,1.8,NA,NA,NA,NA,NA,NA,52,NA,NA,"Kluane",2014,NA,NA,NA,"KLSPS9"
"605","KL-SRS 1","#N/A","Pika Camp",2014-07-07,NA,2014-07-10,2014,73.1,196,NA,3.7,NA,NA,NA,NA,NA,NA,60,NA,NA,"Kluane",2014,NA,NA,NA,"KLSRS1"
"606","KL-SRS 12","#N/A","Pika Camp",2014-07-07,NA,2014-07-10,2014,47,66,NA,1.7,NA,NA,NA,NA,NA,NA,47,NA,NA,"Kluane",2014,NA,NA,NA,"KLSRS12"
"607","KL-SRS 13","#N/A","Pika Camp",2014-07-07,NA,2014-07-10,2014,54,185,NA,3.1,NA,NA,NA,NA,NA,NA,49,NA,NA,"Kluane",2014,NA,NA,NA,"KLSRS13"
"608","KL-SRS 14","#N/A","Pika Camp",2014-07-07,NA,2014-07-10,2014,56,119,NA,2.2,NA,NA,NA,NA,NA,NA,44,NA,NA,"Kluane",2014,NA,NA,NA,"KLSRS14"
"609","KL-SRS 15","#N/A","Pika Camp",2014-07-07,NA,2014-07-10,2014,70,143,NA,3,NA,NA,NA,NA,NA,NA,52,NA,NA,"Kluane",2014,NA,NA,NA,"KLSRS15"
"610","KL-SRS 16","#N/A","Pika Camp",2014-07-07,NA,2014-07-10,2014,51,139,NA,2.2,NA,NA,NA,NA,NA,NA,46,NA,NA,"Kluane",2014,NA,NA,NA,"KLSRS16"
"611","KL-SRS 19","#N/A","Pika Camp",2014-07-07,NA,2014-07-10,2014,62,176,NA,1.7,NA,NA,NA,NA,NA,NA,58,NA,NA,"Kluane",2014,NA,NA,NA,"KLSRS19"
"612","KL-SRS 2","#N/A","Pika Camp",2014-07-07,NA,2014-07-10,2014,80.3,181,NA,4.8,NA,NA,NA,NA,NA,NA,72,NA,NA,"Kluane",2014,NA,NA,NA,"KLSRS2"
"613","KL-SRS 3","#N/A","Pika Camp",2014-07-07,NA,2014-07-10,2014,61,143,NA,3.3,NA,NA,NA,NA,NA,NA,47,NA,NA,"Kluane",2014,NA,NA,NA,"KLSRS3"
"614","KL-SRS 4","#N/A","Pika Camp",2014-07-07,NA,2014-07-10,2014,56.6,186,NA,3.1,NA,NA,NA,NA,NA,NA,50,NA,NA,"Kluane",2014,NA,NA,NA,"KLSRS4"
"615","KL-SRS 5","#N/A","Pika Camp",2014-07-07,NA,2014-07-10,2014,57.5,137,NA,2.7,NA,NA,NA,NA,NA,NA,53,NA,NA,"Kluane",2014,NA,NA,NA,"KLSRS5"
"616","KL-SRS 7","#N/A","Pika Camp",2014-07-07,NA,2014-07-10,2014,44.5,126,NA,1.2,NA,NA,NA,NA,NA,NA,46,NA,NA,"Kluane",2014,NA,NA,NA,"KLSRS7"
"617","KL-SRS 8","#N/A","Pika Camp",2014-07-07,NA,2014-07-10,2014,63,68,NA,2.1,NA,NA,NA,NA,NA,NA,47,NA,NA,"Kluane",2014,NA,NA,NA,"KLSRS8"
"618","KL-SRE 8","#N/A","Pika Camp",2013-08-18,NA,2013-08-21,2013,64,124,89,1.1,NA,NA,NA,NA,NA,NA,NA,NA,706304,"Kluane",2013,NA,NA,106.5,"KLSRE8"
"619","KL-SPC 1","KL-SPC 1","Pika Camp",2013-08-11,NA,2013-08-13,2013,150,487,355,5.8,NA,NA,NA,NA,NA,NA,NA,NA,25932750,"Kluane",2013,NA,NA,421,"KLSPC1"
"620","KL-SPC 10","KL-SPC 10","Pika Camp",2013-08-11,NA,2013-08-13,2013,41,344,259,1.1,NA,NA,NA,NA,NA,NA,NA,NA,3652936,"Kluane",2013,NA,NA,301.5,"KLSPC10"
"621","KL-SPC 11","#N/A","Pika Camp",2013-08-11,NA,2013-08-13,2013,83,397,298,3.2,NA,NA,NA,NA,NA,NA,NA,NA,9819398,"Kluane",2013,NA,NA,347.5,"KLSPC11"
"622","KL-SPC 12","KL-SPC 12","Pika Camp",2013-08-11,NA,2013-08-13,2013,97,419,176,3,NA,NA,NA,NA,NA,NA,NA,NA,7153168,"Kluane",2013,NA,NA,297.5,"KLSPC12"
"623","KL-SPC 13","KL-SPC 13","Pika Camp",2013-08-11,NA,2013-08-13,2013,102,128,126,2,NA,NA,NA,NA,NA,NA,NA,NA,1645056,"Kluane",2013,NA,NA,127,"KLSPC13"
"624","KL-SPC 14","#N/A","Pika Camp",2013-08-11,NA,2013-08-13,2013,166,345,157,6.9,NA,NA,NA,NA,NA,NA,NA,NA,8991390,"Kluane",2013,NA,NA,251,"KLSPC14"
"625","KL-SPC 15","#N/A","Pika Camp",2013-08-11,NA,2013-08-13,2013,111,490,NA,3.3,NA,NA,NA,NA,NA,NA,NA,NA,NA,"Kluane",2013,NA,NA,NA,"KLSPC15"
"626","KL-SPC 2","KL-SPC 2","Pika Camp",2013-08-11,NA,2013-08-13,2013,77,453,223,3,NA,NA,NA,NA,NA,NA,NA,NA,7778463,"Kluane",2013,NA,NA,338,"KLSPC2"
"627","KL-SPC 3","KL-SPC 3","Pika Camp",2013-08-11,NA,2013-08-13,2013,118,447,339,5.9,NA,NA,NA,NA,NA,NA,NA,NA,17880894,"Kluane",2013,NA,NA,393,"KLSPC3"
"628","KL-SPC 4","#N/A","Pika Camp",2013-08-11,NA,2013-08-13,2013,95,462,155,3.6,NA,NA,NA,NA,NA,NA,NA,NA,6802950,"Kluane",2013,NA,NA,308.5,"KLSPC4"
"629","KL-SPC 5","#N/A","Pika Camp",2013-08-11,NA,2013-08-13,2013,220,NA,296,4.5,NA,NA,NA,NA,NA,NA,NA,NA,NA,"Kluane",2013,NA,NA,NA,"KLSPC5"
"630","KL-SPC 6","#N/A","Pika Camp",2013-08-11,NA,2013-08-13,2013,42,194,108,1,NA,NA,NA,NA,NA,NA,NA,NA,879984,"Kluane",2013,NA,NA,151,"KLSPC6"
"631","KL-SPC 7","#N/A","Pika Camp",2013-08-11,NA,2013-08-13,2013,51,NA,249,1.1,NA,NA,NA,NA,NA,NA,NA,NA,NA,"Kluane",2013,NA,NA,NA,"KLSPC7"
"632","KL-SPC 8","KL-SPC 8","Pika Camp",2013-08-11,NA,2013-08-13,2013,62,466,282,2.5,NA,NA,NA,NA,NA,NA,NA,NA,8147544,"Kluane",2013,NA,NA,374,"KLSPC8"
"633","KL-SPC 9","KL-SPC 9","Pika Camp",2013-08-11,NA,2013-08-13,2013,48,374,354,1,NA,NA,NA,NA,NA,NA,NA,NA,6355008,"Kluane",2013,NA,NA,364,"KLSPC9"
"634","KL-SRC 1","KL-SRC 1","Pika Camp",2013-08-11,NA,2013-08-13,2013,163,275,178,6.5,NA,NA,NA,NA,NA,NA,NA,NA,7978850,"Kluane",2013,NA,NA,226.5,"KLSRC1"
"635","KL-SRC 10","KL-SRC 10","Pika Camp",2013-08-11,NA,2013-08-13,2013,69,178,237,2.7,NA,NA,NA,NA,NA,NA,NA,NA,2910834,"Kluane",2013,NA,NA,207.5,"KLSRC10"
"636","KL-SRC 11","KL-SRC 11","Pika Camp",2013-08-11,NA,2013-08-13,2013,137,327,288,4.7,NA,NA,NA,NA,NA,NA,NA,NA,12902112,"Kluane",2013,NA,NA,307.5,"KLSRC11"
"637","KL-SRC 12","#N/A","Pika Camp",2013-08-11,NA,2013-08-13,2013,161,325,394,5.5,NA,NA,NA,NA,NA,NA,NA,NA,20616050,"Kluane",2013,NA,NA,359.5,"KLSRC12"
"638","KL-SRC 13","KL-SRC 13","Pika Camp",2013-08-11,NA,2013-08-13,2013,138,202,134,2.6,NA,NA,NA,NA,NA,NA,NA,NA,3735384,"Kluane",2013,NA,NA,168,"KLSRC13"
"639","KL-SRC 14","#N/A","Pika Camp",2013-08-11,NA,2013-08-13,2013,193,215,149,5.4,NA,NA,NA,NA,NA,NA,NA,NA,6182755,"Kluane",2013,NA,NA,182,"KLSRC14"
"640","KL-SRC 15","#N/A","Pika Camp",2013-08-11,NA,2013-08-13,2013,178,510,NA,6.1,NA,NA,NA,NA,NA,NA,NA,NA,NA,"Kluane",2013,NA,NA,NA,"KLSRC15"
"641","KL-SRC 3","#N/A","Pika Camp",2013-08-11,NA,2013-08-13,2013,146,184,169,7.1,NA,NA,NA,NA,NA,NA,NA,NA,4540016,"Kluane",2013,NA,NA,176.5,"KLSRC3"
"642","KL-SRC 4","#N/A","Pika Camp",2013-08-11,NA,2013-08-13,2013,134,NA,201,7.7,NA,NA,NA,NA,NA,NA,NA,NA,NA,"Kluane",2013,NA,NA,NA,"KLSRC4"
"643","KL-SRC 5","#N/A","Pika Camp",2013-08-11,NA,2013-08-13,2013,118,156,74,3.9,NA,NA,NA,NA,NA,NA,NA,NA,1362192,"Kluane",2013,NA,NA,115,"KLSRC5"
"644","KL-SRC 7","KL-SRC 7","Pika Camp",2013-08-11,NA,2013-08-13,2013,155,198,178,5.5,NA,NA,NA,NA,NA,NA,NA,NA,5462820,"Kluane",2013,NA,NA,188,"KLSRC7"
"645","KL-SRC 8","#N/A","Pika Camp",2013-08-11,NA,2013-08-13,2013,38,112,78,2.4,NA,NA,NA,NA,NA,NA,NA,NA,331968,"Kluane",2013,NA,NA,95,"KLSRC8"
"646","KL-SRC 9","#N/A","Pika Camp",2013-08-11,NA,2013-08-13,2013,53,179,134,2.4,NA,NA,NA,NA,NA,NA,NA,NA,1271258,"Kluane",2013,NA,NA,156.5,"KLSRC9"
"647","KL-SPE 11","KL-SPE 11","Pika Camp",2013-08-10,NA,2013-08-13,2013,58,128,99,1.6,NA,NA,NA,NA,NA,NA,NA,NA,734976,"Kluane",2013,NA,NA,113.5,"KLSPE11"
"648","KL-SPE 12","KL-SPE 12","Pika Camp",2013-08-10,NA,2013-08-13,2013,41,37,82,1.9,NA,NA,NA,NA,NA,NA,NA,NA,124394,"Kluane",2013,NA,NA,59.5,"KLSPE12"
"649","KL-SPE 14","KL-SPE 14","Pika Camp",2013-08-10,NA,2013-08-13,2013,72,184,140,2.4,NA,NA,NA,NA,NA,NA,NA,NA,1854720,"Kluane",2013,NA,NA,162,"KLSPE14"
"650","KL-SPE 15","KL-SPE 15","Pika Camp",2013-08-10,NA,2013-08-13,2013,27,136,103,1.3,NA,NA,NA,NA,NA,NA,NA,NA,378216,"Kluane",2013,NA,NA,119.5,"KLSPE15"
"651","KL-SPE 2","KL-SPE 2","Pika Camp",2013-08-10,NA,2013-08-13,2013,46,227,170,2.8,NA,NA,NA,NA,NA,NA,NA,NA,1775140,"Kluane",2013,NA,NA,198.5,"KLSPE2"
"652","KL-SPE 3","KL-SPE 3","Pika Camp",2013-08-10,NA,2013-08-13,2013,44,118,111,2.1,NA,NA,NA,NA,NA,NA,NA,NA,576312,"Kluane",2013,NA,NA,114.5,"KLSPE3"
"653","KL-SPE 4","KL-SPE 4","Pika Camp",2013-08-10,NA,2013-08-13,2013,52,218,173,2.4,NA,NA,NA,NA,NA,NA,NA,NA,1961128,"Kluane",2013,NA,NA,195.5,"KLSPE4"
"654","KL-SPE 5","KL-SPE 5","Pika Camp",2013-08-10,NA,2013-08-13,2013,35,108,567,0.9,NA,NA,NA,NA,NA,NA,NA,NA,2143260,"Kluane",2013,NA,NA,337.5,"KLSPE5"
"655","KL-SPE 6","KL-SPE 6","Pika Camp",2013-08-10,NA,2013-08-13,2013,37,54,40,0.5,NA,NA,NA,NA,NA,NA,NA,NA,79920,"Kluane",2013,NA,NA,47,"KLSPE6"
"656","KL-SPE 7","KL-SPE 7","Pika Camp",2013-08-10,NA,2013-08-13,2013,66,274,174,1.7,NA,NA,NA,NA,NA,NA,NA,NA,3146616,"Kluane",2013,NA,NA,224,"KLSPE7"
"657","KL-SPE 8","KL-SPE 8","Pika Camp",2013-08-10,NA,2013-08-13,2013,47,262,148,1.3,NA,NA,NA,NA,NA,NA,NA,NA,1822472,"Kluane",2013,NA,NA,205,"KLSPE8"
"658","KL-SPE 9","KL-SPE 9","Pika Camp",2013-08-10,NA,2013-08-13,2013,58,259,251,2.4,NA,NA,NA,NA,NA,NA,NA,NA,3770522,"Kluane",2013,NA,NA,255,"KLSPE9"
"659","KL-SRE 1","#N/A","Pika Camp",2013-08-10,NA,2013-08-13,2013,43,145,92,NA,NA,NA,NA,NA,NA,NA,NA,NA,573620,"Kluane",2013,NA,NA,118.5,"KLSRE1"
"660","KL-SRE 11","KL-SRE 11","Pika Camp",2013-08-10,NA,2013-08-13,2013,34,62,56,1.1,NA,NA,NA,NA,NA,NA,NA,NA,118048,"Kluane",2013,NA,NA,59,"KLSRE11"
"661","KL-SRE 12","#N/A","Pika Camp",2013-08-10,NA,2013-08-13,2013,36,46,27,1.1,NA,NA,NA,NA,NA,NA,NA,NA,44712,"Kluane",2013,NA,NA,36.5,"KLSRE12"
"662","KL-SRE 13","KL-SRE 13","Pika Camp",2013-08-10,NA,2013-08-13,2013,43,130,89,1.4,NA,NA,NA,NA,NA,NA,NA,NA,497510,"Kluane",2013,NA,NA,109.5,"KLSRE13"
"663","KL-SRE 14","KL-SRE 14","Pika Camp",2013-08-10,NA,2013-08-13,2013,35,62,142,1.7,NA,NA,NA,NA,NA,NA,NA,NA,308140,"Kluane",2013,NA,NA,102,"KLSRE14"
"664","KL-SRE 15","KL-SRE 15","Pika Camp",2013-08-10,NA,2013-08-13,2013,48,119,69,1.9,NA,NA,NA,NA,NA,NA,NA,NA,394128,"Kluane",2013,NA,NA,94,"KLSRE15"
"665","KL-SRE 3","#N/A","Pika Camp",2013-08-10,NA,2013-08-13,2013,49,48,39,1.4,NA,NA,NA,NA,NA,NA,NA,NA,91728,"Kluane",2013,NA,NA,43.5,"KLSRE3"
"666","KL-SRE 5","#N/A","Pika Camp",2013-08-10,NA,2013-08-13,2013,36,60,42,1.2,NA,NA,NA,NA,NA,NA,NA,NA,90720,"Kluane",2013,NA,NA,51,"KLSRE5"
